id,texto,nivel,categoria,origem,split
msg_00001,"Ei, tudo bem? O suporte precisa controlar seu notebook. Baixe o programa enviado e aceite todas as permissões.",alto,acesso_remoto,sintetico_v1,treino
msg_00004,"Oi! A divisão da conta ficou em R$ 75,50 para cada pessoa.",baixo,pagamento_conhecido,sintetico_v1,treino
msg_00008,Pegue um empréstimo e invista conosco; o lucro certo pagará todas as parcelas.,alto,investimento_garantido,sintetico_v1,treino
msg_00009,"Ei, tudo bem? Vou chegar às 8h. Se mudar alguma coisa, eu aviso por aqui. Me avise quando puder. Obrigado.",baixo,conversa_cotidiana,sintetico_v1,treino
msg_00010,Boa noite! Estou usando um número pessoal. Pague a nota enviada e não confirme com mais ninguém. Me avise quando puder.,alto,fraude_executivo,sintetico_v1,treino
msg_00011,Opa! Temos uma vaga de trabalho remoto com início imediato. Não é necessário processo seletivo. Responda quando puder.,medio,vaga_duvidosa,sintetico_v1,treino
msg_00013,"Olá! Conforme o chamado que você abriu, o atendimento está agendado para segunda-feira no fim da tarde. Não enviaremos pedido de senha. Confira quando puder.",baixo,suporte_solicitado,sintetico_v1,treino
msg_00016,"o setor de segurança da conta identificou uma fraude. Para cancelar a compra, faça uma transferência para a conta de segurança. Obrigado.",alto,falso_banco,sintetico_v1,treino
msg_00017,Há um valor público disponível no seu CPF. Informe a senha bancária para receber! Obrigado.,alto,beneficio_com_taxa,sintetico_v1,treino
msg_00018,Bom dia! Salva meu número novo e apaga o antigo. Também preciso que pague um boleto para mim agora. Responda quando puder.,alto,falso_familiar,sintetico_v1,treino
msg_00019,Boa tarde! Você consegue me encontrar na clínica amanhã às 9h30? Obrigado.,baixo,conversa_cotidiana,sintetico_v1,treino
msg_00020,Boa noite! A equipe vai revisar o documento quarta-feira antes da reunião! Atenciosamente.,baixo,trabalho_estudo,sintetico_v1,treino
msg_00023,Você iniciou uma recuperação de senha no site oficial digitado no navegador. Digite o código somente na tela que você abriu e não o compartilhe. Pode confirmar o recebimento?,baixo,recuperacao_solicitada,sintetico_v1,treino
msg_00024,Oi! Você pode trazer o caderno quando vier sexta-feira? Obrigado.,baixo,conversa_cotidiana,sintetico_v1,treino
msg_00025,Bom dia! O investimento apresentou variação neste mês; rentabilidade passada não garante retorno futuro. Responda quando puder.,baixo,informativo_financeiro,sintetico_v1,treino
msg_00026,"Boa tarde! O produto está disponível, mas confirme pessoalmente antes de efetuar qualquer pagamento. Responda quando puder.",baixo,compra_presencial,sintetico_v1,treino
msg_00027,"Olá, tudo certo? Existe um débito pendente com vencimento terça-feira. A origem não foi informada nesta mensagem. Me avise quando puder.",medio,cobranca_duvidosa,sintetico_v1,treino
msg_00028,"Bom dia! Não compartilhe o código recebido por SMS, mesmo que alguém diga ser funcionário do banco! Obrigado.",baixo,aviso_seguranca,sintetico_v1,treino
msg_00029,"Bom dia! Para receber pela venda, informe número do cartão, senha e código de segurança.",alto,fraude_marketplace,sintetico_v1,treino
msg_00030,"Você tem um reembolso a receber. Envie foto do documento, cartão e senha. Tudo bem?",alto,beneficio_com_taxa,sintetico_v1,treino
msg_00031,"Boa noite! Para receber pela venda, informe número do cartão, senha e código de segurança! Tudo bem?",alto,fraude_marketplace,sintetico_v1,treino
msg_00032,"Ei, tudo bem? A compra de R$ 18,90 feita por você já aparece no histórico do cartão. Confira quando puder.",baixo,informativo_financeiro,sintetico_v1,treino
msg_00033,"Seu currículo foi selecionado para uma oportunidade de R$ 18,90 por semana. Responda para saber mais. Me avise quando puder.",medio,vaga_duvidosa,sintetico_v1,treino
msg_00034,"Oi! Para bloquear uma operação de R$ 189,90, instale o aplicativo de segurança indicado pelo atendente.",alto,falso_banco,sintetico_v1,treino
msg_00035,"Opa! A fatura fechou em R$ 250,00. Confira os lançamentos diretamente no aplicativo antes do vencimento. Pode confirmar o recebimento?",baixo,informativo_financeiro,sintetico_v1,treino
msg_00036,Seu código de recuperação chegou. Passe todos os dígitos agora antes que ele expire. Me avise quando puder.,alto,codigo_verificacao,sintetico_v1,treino
msg_00037,"Olá, tudo certo? Há informações incompletas no seu perfil. Confirme os dados para evitar problemas futuros. Pode confirmar o recebimento?",medio,atualizacao_cadastral,sintetico_v1,treino
msg_00038,"Seu banco não solicita transferência para cancelar uma compra. Em caso de dúvida, abra o canal oficial de atendimento. Qualquer dúvida, responda por aqui.",baixo,aviso_seguranca,sintetico_v1,treino
msg_00039,"Pai, este é meu contato novo. Preciso pagar uma conta urgente e depois devolvo o dinheiro. Atenciosamente.",alto,falso_familiar,sintetico_v1,treino
msg_00041,Uma empresa encontrou seu perfil e quer fazer a entrevista somente por mensagens. Fico à disposição.,medio,vaga_duvidosa,sintetico_v1,treino
msg_00043,Bom dia! Sua conta está sob investigação. Envie uma foto do cartão e do documento para provar sua identidade! Responda quando puder.,alto,falso_banco,sintetico_v1,treino
msg_00045,"Olá, tudo certo? Encontramos uma divergência no CEP da sua entrega. Confirme as informações ainda hoje! Aguardo seu retorno.",medio,entrega_pendente,sintetico_v1,treino
msg_00046,"Olá! Sou Tiago, troquei de número. Salva este contato para falarmos depois.",medio,contato_desconhecido,sintetico_v1,treino
msg_00048,A verificação em duas etapas foi ativada por você. Guarde os códigos de recuperação em local seguro. Tudo bem?,baixo,recuperacao_solicitada,sintetico_v1,treino
msg_00050,Seu CPF pode ter uma pendência financeira. Consulte as condições no endereço enviado. Tudo bem?,medio,cobranca_duvidosa,sintetico_v1,treino
msg_00054,Seu CPF pode ter uma pendência financeira. Consulte as condições no endereço enviado. Obrigado.,medio,cobranca_duvidosa,sintetico_v1,treino
msg_00057,"Você foi convidado para avaliar nosso atendimento e poderá receber uma recompensa. Qualquer dúvida, responda por aqui.",medio,pesquisa_com_premio,sintetico_v1,treino
msg_00058,Olá! Encontramos uma pendência no seu cadastro. Veja os detalhes em conta-pendente.example. Estamos aguardando sua confirmação. Aguardo seu retorno.,medio,link_nao_solicitado,sintetico_v1,treino
msg_00060,Oi! Sua compra de tênis será entregue sábado. Não é necessário realizar pagamento adicional. Responda quando puder.,baixo,entrega_esperada,sintetico_v1,treino
msg_00061,Oi! Conheça uma oportunidade de investimento com retorno acima da média. Fale com nosso consultor. Fico à disposição.,medio,investimento_duvidoso,sintetico_v1,treino
msg_00062,Bom dia! Desconsidere a cobrança original e use este QR Code para quitar a parcela imediatamente! Obrigado.,alto,boleto_falso,sintetico_v1,treino
msg_00065,Boa tarde! A entrega que combinamos foi reagendada para sexta-feira no fim da tarde. Aguardo seu retorno.,baixo,entrega_esperada,sintetico_v1,treino
msg_00066,"Oi! Seu banco não solicita transferência para cancelar uma compra. Em caso de dúvida, abra o site oficial digitado no navegador. Confira quando puder.",baixo,aviso_seguranca,sintetico_v1,treino
msg_00067,Bom dia! A reserva está confirmada para hoje às 11h e o pagamento será feito no local. Confira quando puder.,baixo,compra_presencial,sintetico_v1,treino
msg_00068,Conheça uma oportunidade de investimento com retorno acima da média. Fale com nosso consultor. Me avise quando puder.,medio,investimento_duvidoso,sintetico_v1,treino
msg_00070,"Sou o diretor e estou em reunião. Faça um Pix de R$ 189,90 para este fornecedor novo sem avisar a equipe. Responda quando puder.",alto,fraude_executivo,sintetico_v1,treino
msg_00071,Bom dia! Sua conta será encerrada em dez minutos. Envie a senha para impedir o bloqueio. Responda quando puder.,alto,ameaca_bloqueio,sintetico_v1,treino
msg_00073,"Oi! A divisão da conta ficou em R$ 250,00 para cada pessoa. Fico à disposição.",baixo,pagamento_conhecido,sintetico_v1,treino
msg_00074,"Ei, tudo bem? Separei o livro que você viu na loja. Pode passar aqui segunda-feira. Pode confirmar o recebimento?",baixo,compra_presencial,sintetico_v1,treino
msg_00075,Uma promoção reservada para seu número termina em poucas horas. Clique para conhecer as condições. Confira quando puder.,medio,oferta_improvavel,sintetico_v1,treino
msg_00077,"Olá, tudo certo? Há uma atualização disponível para sua conta em suporte-verificacao.example. Estamos aguardando sua confirmação. Atenciosamente.",medio,link_nao_solicitado,sintetico_v1,treino
msg_00079,"Ei, tudo bem? O boleto anterior foi cancelado. Pague somente o novo código enviado por este número desconhecido. Confira quando puder.",alto,boleto_falso,sintetico_v1,treino
msg_00080,"Oi! A compra de R$ 42,00 feita por você já aparece no histórico do cartão. Fico à disposição.",baixo,informativo_financeiro,sintetico_v1,treino
msg_00083,Opa! Conheça uma oportunidade de investimento com retorno acima da média. Fale com nosso consultor.,medio,investimento_duvidoso,sintetico_v1,treino
msg_00085,Desconsidere a cobrança original e use este QR Code para quitar a parcela imediatamente. Atenciosamente.,alto,boleto_falso,sintetico_v1,treino
msg_00086,Opa! Recebi o casaco do pedido 89206. A caixa chegou em boas condições. Tudo bem?,baixo,entrega_esperada,sintetico_v1,treino
msg_00087,Ignore o procedimento da empresa; esta transferência é urgente e deve ficar em segredo. Obrigado.,alto,fraude_executivo,sintetico_v1,treino
msg_00088,Boa noite! Seu acesso pelo computador Windows foi confirmado no aplicativo que você abriu! Tudo bem?,baixo,recuperacao_solicitada,sintetico_v1,treino
msg_00090,"O setor antifraude solicita um Pix de teste, que será devolvido após a verificação. Pode confirmar o recebimento?",alto,falso_banco,sintetico_v1,treino
msg_00091,"Olá, tudo certo? A atualização anual da conta está disponível por meio do link enviado! Confira quando puder.",medio,atualizacao_cadastral,sintetico_v1,treino
msg_00092,"Ei, tudo bem? A apresentação ficou marcada para segunda-feira às 14h! Qualquer dúvida, responda por aqui.",baixo,trabalho_estudo,sintetico_v1,treino
msg_00093,A leitura do QR Code gerou um número. Envie esse número ao atendente para liberar a conta. Pode confirmar o recebimento?,alto,codigo_verificacao,sintetico_v1,treino
msg_00095,"Olá, tudo certo? A alteração de senha solicitada por você foi concluída. Se não reconhecer, entre no telefone que está no cartão sem usar links da mensagem. Tudo bem?",baixo,recuperacao_solicitada,sintetico_v1,treino
msg_00096,O banco informa que não existe taxa para liberar estorno ou cancelar transferência. Me avise quando puder.,baixo,informativo_financeiro,sintetico_v1,treino
msg_00097,Boa noite! O acesso foi limitado. Envie seus dados de login nesta conversa para liberar novamente. Responda quando puder.,alto,phishing_credenciais,sintetico_v1,treino
msg_00098,Seu extrato mensal está disponível no aplicativo oficial. Esta mensagem não contém link de acesso. Atenciosamente.,baixo,informativo_financeiro,sintetico_v1,treino
msg_00099,Opa! Temos um assunto particular para tratar com você. Confirme se este número é seu.,medio,contato_desconhecido,sintetico_v1,treino
msg_00100,"Para bloquear uma operação de R$ 42,00, instale o aplicativo de segurança indicado pelo atendente. Obrigado.",alto,falso_banco,sintetico_v1,treino
msg_00101,Boa noite! Um grupo privado está ensinando uma estratégia que promete resultados rápidos no mercado financeiro. Obrigado.,medio,investimento_duvidoso,sintetico_v1,treino
msg_00102,"Bom dia! O orçamento solicitado ficou em R$ 18,90. Você pode analisar sem compromisso! Responda quando puder.",baixo,compra_presencial,sintetico_v1,treino
msg_00104,Boa noite! Conheça uma oportunidade de investimento com retorno acima da média. Fale com nosso consultor! Fico à disposição.,medio,investimento_duvidoso,sintetico_v1,treino
msg_00105,"Identificamos uma cobrança de R$ 250,00 vinculada ao seu nome. Entre em contato para consultar. Atenciosamente.",medio,cobranca_duvidosa,sintetico_v1,treino
msg_00106,"Olá, tudo certo? Sou Ana, troquei de número. Salva este contato para falarmos depois. Me avise quando puder.",medio,contato_desconhecido,sintetico_v1,treino
msg_00107,"Ei, tudo bem? A recompensa expira hoje. Faça o depósito da taxa e envie o comprovante nesta conversa. Aguardo seu retorno.",alto,premio_com_taxa,sintetico_v1,treino
msg_00108,Opa! Sua sessão pode ter expirado. Faça uma nova validação para continuar utilizando o serviço. Tudo bem?,medio,acesso_incomum,sintetico_v1,treino
msg_00110,Boa noite! O professor colocou as orientações da atividade no portal da faculdade! Pode confirmar o recebimento?,baixo,trabalho_estudo,sintetico_v1,treino
msg_00113,"Oi! Você foi selecionado para comprar um carregador por R$ 42,00. A quantidade é limitada. Fico à disposição.",medio,oferta_improvavel,sintetico_v1,treino
msg_00114,Oi! A leitura do QR Code gerou um número. Envie esse número ao atendente para liberar a conta. Obrigado.,alto,codigo_verificacao,sintetico_v1,treino
msg_00115,Olá! Temos um assunto particular para tratar com você. Confirme se este número é seu. Aguardo seu retorno.,medio,contato_desconhecido,sintetico_v1,treino
msg_00116,O pagamento do teclado está preso. Pague uma taxa fora da plataforma para liberar a venda. Obrigado.,alto,fraude_marketplace,sintetico_v1,treino
msg_00118,"A vaga é sua, mas precisamos de um Pix para liberar o exame admissional! Tudo bem?",alto,vaga_com_taxa,sintetico_v1,treino
msg_00119,Um funcionário ligará para recolher seu cartão e pedirá a senha para concluir o cancelamento. Me avise quando puder.,alto,falso_banco,sintetico_v1,treino
msg_00121,"Bom dia! A divisão da conta ficou em R$ 250,00 para cada pessoa. Responda quando puder.",baixo,pagamento_conhecido,sintetico_v1,treino
msg_00122,Boa noite! Mude os dados bancários do fornecedor e processe o pagamento antes da aprovação normal. Obrigado.,alto,fraude_executivo,sintetico_v1,treino
msg_00123,"Sou o diretor e estou em reunião. Faça um Pix de R$ 75,50 para este fornecedor novo sem avisar a equipe. Tudo bem?",alto,fraude_executivo,sintetico_v1,treino
msg_00124,"Sou o diretor e estou em reunião. Faça um Pix de R$ 1.200,00 para este fornecedor novo sem avisar a equipe. Responda quando puder.",alto,fraude_executivo,sintetico_v1,treino
msg_00125,"Ei, tudo bem? O cadastro pode ficar limitado por falta de confirmação. Responda para receber as instruções! Aguardo seu retorno.",medio,atualizacao_cadastral,sintetico_v1,treino
msg_00126,"Se receber uma cobrança inesperada, confirme diretamente pelo aplicativo oficial antes de pagar. Obrigado.",baixo,aviso_seguranca,sintetico_v1,treino
msg_00127,Opa! Desconto especial liberado sem que você tenha feito cadastro. Confirme se deseja receber a oferta.,medio,oferta_improvavel,sintetico_v1,treino
msg_00129,"Helena, lembre-se da consulta quarta-feira às 16h30. A clínica já confirmou por telefone. Pode confirmar o recebimento?",baixo,lembrete_pessoal,sintetico_v1,treino
msg_00130,Autorize o atendente a movimentar o cursor e não feche o aplicativo durante a transferência. Responda quando puder.,alto,acesso_remoto,sintetico_v1,treino
msg_00131,O prazo para sacar o saldo esquecido termina hoje. Faça o depósito de validação agora. Pode confirmar o recebimento?,alto,beneficio_com_taxa,sintetico_v1,treino
msg_00133,Uma empresa encontrou seu perfil e quer fazer a entrevista somente por mensagens. Atenciosamente.,medio,vaga_duvidosa,sintetico_v1,treino
msg_00134,"Olá! Uma pesquisa não solicitada pede informações de contato para liberar um brinde. Qualquer dúvida, responda por aqui.",medio,pesquisa_com_premio,sintetico_v1,treino
msg_00135,"Ei, tudo bem? Para trabalhar de casa, compre um kit diretamente com o recrutador e envie o comprovante. Qualquer dúvida, responda por aqui.",alto,vaga_com_taxa,sintetico_v1,treino
msg_00136,"Ei, tudo bem? O orçamento solicitado ficou em R$ 189,90. Você pode analisar sem compromisso. Me avise quando puder.",baixo,compra_presencial,sintetico_v1,treino
msg_00138,Opa! Uma promoção reservada para seu número termina em poucas horas. Clique para conhecer as condições. Pode confirmar o recebimento?,medio,oferta_improvavel,sintetico_v1,treino
msg_00139,"Você tem um reembolso a receber. Envie foto do documento, cartão e senha. Confira quando puder.",alto,beneficio_com_taxa,sintetico_v1,treino
msg_00140,Oi! Compartilhe o código recebido por SMS para provar que a linha pertence a você! Confira quando puder.,alto,codigo_verificacao,sintetico_v1,treino
msg_00141,Boa noite! Há uma atualização disponível para sua conta em premio-resgate.example. O acesso ficará disponível por algumas horas. Responda quando puder.,medio,link_nao_solicitado,sintetico_v1,treino
msg_00145,Olá! Estou falando em nome da empresa sobre uma solicitação no seu CPF. Pode confirmar o recebimento?,medio,contato_desconhecido,sintetico_v1,treino
msg_00146,"Ei, tudo bem? O professor colocou as orientações da atividade no portal da faculdade. Não precisa responder agora. Aguardo seu retorno.",baixo,trabalho_estudo,sintetico_v1,treino
msg_00147,"A negociação de uma dívida no valor de R$ 42,00 está disponível por tempo limitado. Obrigado.",medio,cobranca_duvidosa,sintetico_v1,treino
msg_00148,"Olá, tudo certo? Quero muito encontrar você, mas preciso de R$ 18,90 para comprar a passagem. Não conte a ninguém. Qualquer dúvida, responda por aqui.",alto,fraude_romantica,sintetico_v1,treino
msg_00149,A empresa exige pagamento antecipado para cadastrar seu salário e confirmar a contratação. Atenciosamente.,alto,vaga_com_taxa,sintetico_v1,treino
msg_00150,"Comece investindo R$ 75,50 e acompanhe os resultados pelo grupo de mensagens. Obrigado.",medio,investimento_duvidoso,sintetico_v1,treino
msg_00151,"Oi! A compra de R$ 18,90 feita por você já aparece no histórico do cartão! Qualquer dúvida, responda por aqui.",baixo,informativo_financeiro,sintetico_v1,treino
msg_00152,Opa! A apresentação ficou marcada para terça-feira às 9h30!,baixo,trabalho_estudo,sintetico_v1,treino
msg_00153,"Ei, tudo bem? Meu presente ficou retido na alfândega. Pague a taxa para que ele seja entregue a você. Responda quando puder.",alto,fraude_romantica,sintetico_v1,treino
msg_00154,Oi! Estou em uma emergência e só consigo falar por mensagem. Envie dinheiro sem comentar com ninguém. Pode confirmar o recebimento?,alto,falso_familiar,sintetico_v1,treino
msg_00155,Opa! Há um valor público disponível no seu CPF. Informe a senha bancária para receber. Fico à disposição.,alto,beneficio_com_taxa,sintetico_v1,treino
msg_00156,"Boa tarde! A nota fiscal da compra de R$ 18,90 foi entregue junto com o produto. Aguardo seu retorno.",baixo,compra_presencial,sintetico_v1,treino
msg_00157,"Boa tarde! Enviei um comprovante, mas você precisa devolver a diferença por Pix antes de conferir o saldo.",alto,fraude_marketplace,sintetico_v1,treino
msg_00158,"Olá, tudo certo? Troque o beneficiário do pagamento e ignore o documento recebido pelo canal oficial.",alto,boleto_falso,sintetico_v1,treino
msg_00159,"Recebi uma dica exclusiva de investimento e posso incluir você, se responder ainda hoje! Me avise quando puder.",medio,investimento_duvidoso,sintetico_v1,treino
msg_00160,"Opa! Fiz o Pix de R$ 189,90 referente à nossa compra combinada. Confira quando puder. Aguardo seu retorno.",baixo,pagamento_conhecido,sintetico_v1,treino
msg_00161,"Recebemos várias tentativas de entrada. A mensagem pede confirmação, mas não informa o canal oficial. Tudo bem?",medio,acesso_incomum,sintetico_v1,treino
msg_00162,"Boa noite! Seu banco não solicita transferência para cancelar uma compra. Em caso de dúvida, abra o telefone que está no cartão. Tudo bem?",baixo,aviso_seguranca,sintetico_v1,treino
msg_00163,Existe uma ordem contra você. Faça o Pix solicitado para evitar consequências legais. Fico à disposição.,alto,ameaca_bloqueio,sintetico_v1,treino
msg_00164,Você iniciou uma recuperação de senha no telefone que está no cartão. Digite o código somente na tela que você abriu e não o compartilhe. Tudo bem?,baixo,recuperacao_solicitada,sintetico_v1,treino
msg_00165,"Olá! O produto está disponível, mas confirme pessoalmente antes de efetuar qualquer pagamento! Aguardo seu retorno.",baixo,compra_presencial,sintetico_v1,treino
msg_00166,Estou em uma emergência e só consigo falar por mensagem. Envie dinheiro sem comentar com ninguém! Tudo bem?,alto,falso_familiar,sintetico_v1,treino
msg_00167,Um grupo privado está ensinando uma estratégia que promete resultados rápidos no mercado financeiro. Fico à disposição.,medio,investimento_duvidoso,sintetico_v1,treino
msg_00168,Há um valor público disponível no seu CPF. Informe a senha bancária para receber. Responda quando puder.,alto,beneficio_com_taxa,sintetico_v1,treino
msg_00170,Olá! Deposite a taxa do uniforme hoje e receba o contrato somente depois do pagamento. Pode confirmar o recebimento?,alto,vaga_com_taxa,sintetico_v1,treino
msg_00171,"Boa tarde! A divisão da conta ficou em R$ 42,00 para cada pessoa. Confira quando puder.",baixo,pagamento_conhecido,sintetico_v1,treino
msg_00172,"Opa! A negociação de uma dívida no valor de R$ 250,00 está disponível por tempo limitado. Atenciosamente.",medio,cobranca_duvidosa,sintetico_v1,treino
msg_00173,Bom dia! A entrega que combinamos foi reagendada para quarta-feira às 11h. Aguardo seu retorno.,baixo,entrega_esperada,sintetico_v1,treino
msg_00174,Uma pesquisa não solicitada pede informações de contato para liberar um brinde. Atenciosamente.,medio,pesquisa_com_premio,sintetico_v1,treino
msg_00175,"Oi! O endereço do pedido 74518 foi confirmado no momento da compra. Qualquer dúvida, responda por aqui.",baixo,entrega_esperada,sintetico_v1,treino
msg_00176,"Ei, tudo bem? O comprovante da transferência combinada está salvo no aplicativo. Não precisa clicar em nenhum link. Atenciosamente.",baixo,pagamento_conhecido,sintetico_v1,treino
msg_00177,Opa! Sua conta será encerrada em dez minutos. Envie a senha para impedir o bloqueio.,alto,ameaca_bloqueio,sintetico_v1,treino
msg_00178,O aniversário da Bruno será terça-feira no fim da tarde. Cada pessoa pode levar alguma coisa. Pode confirmar o recebimento?,baixo,lembrete_pessoal,sintetico_v1,treino
msg_00179,Olá! Seu CPF pode ter uma pendência financeira. Consulte as condições no endereço enviado. Obrigado.,medio,cobranca_duvidosa,sintetico_v1,treino
msg_00180,Deposite a taxa do uniforme hoje e receba o contrato somente depois do pagamento. Responda quando puder.,alto,vaga_com_taxa,sintetico_v1,treino
msg_00181,Olá! O boleto anterior foi cancelado. Pague somente o novo código enviado por este número desconhecido. Pode confirmar o recebimento?,alto,boleto_falso,sintetico_v1,treino
msg_00183,Olá! Seu CPF pode ter uma pendência financeira. Consulte as condições no endereço enviado! Aguardo seu retorno.,medio,cobranca_duvidosa,sintetico_v1,treino
msg_00184,"Olá! Não consigo falar por telefone. Mande R$ 1.200,00 por Pix e não avise mais ninguém. Responda quando puder.",alto,pix_urgente,sintetico_v1,treino
msg_00185,"Sua conta será encerrada em dez minutos. Envie a senha para impedir o bloqueio! Qualquer dúvida, responda por aqui.",alto,ameaca_bloqueio,sintetico_v1,treino
msg_00186,"Boa noite! Comece investindo R$ 250,00 e acompanhe os resultados pelo grupo de mensagens! Qualquer dúvida, responda por aqui.",medio,investimento_duvidoso,sintetico_v1,treino
msg_00188,"Ei, tudo bem? Sou do atendimento e preciso validar algumas informações antes de continuar. Tudo bem?",medio,contato_desconhecido,sintetico_v1,treino
msg_00189,Olá! Sua conta está sob investigação. Envie uma foto do cartão e do documento para provar sua identidade. Responda quando puder.,alto,falso_banco,sintetico_v1,treino
msg_00190,Bom dia! Você consegue conferir os slides e deixar seus comentários até depois do almoço? Aguardo seu retorno.,baixo,trabalho_estudo,sintetico_v1,treino
msg_00192,Seu acesso pelo tablet foi confirmado no aplicativo que você abriu. Atenciosamente.,baixo,recuperacao_solicitada,sintetico_v1,treino
msg_00194,Você foi aprovado para uma vaga à qual não se lembra de ter se candidatado. Confirme seu interesse. Tudo bem?,medio,vaga_duvidosa,sintetico_v1,treino
msg_00195,Detectamos uma tentativa de acesso por um notebook. Verifique a atividade no link desta mensagem. Pode confirmar o recebimento?,medio,acesso_incomum,sintetico_v1,treino
msg_00196,"Olá, tudo certo? Existe um débito pendente com vencimento amanhã. A origem não foi informada nesta mensagem. Obrigado.",medio,cobranca_duvidosa,sintetico_v1,treino
msg_00197,"Boa tarde! A vaga é sua, mas precisamos de um Pix para liberar o exame admissional. Atenciosamente.",alto,vaga_com_taxa,sintetico_v1,treino
msg_00199,"Oi! A mensalidade de R$ 250,00 apareceu normalmente no aplicativo do banco!",baixo,pagamento_conhecido,sintetico_v1,treino
msg_00200,"Boa tarde! O produto está disponível, mas confirme pessoalmente antes de efetuar qualquer pagamento.",baixo,compra_presencial,sintetico_v1,treino
msg_00201,"Boa tarde! O produto está disponível, mas confirme pessoalmente antes de efetuar qualquer pagamento. Me avise quando puder.",baixo,compra_presencial,sintetico_v1,treino
msg_00202,"Ei, tudo bem? Sou do atendimento e preciso validar algumas informações antes de continuar. Confira quando puder.",medio,contato_desconhecido,sintetico_v1,treino
msg_00204,Mude os dados bancários do fornecedor e processe o pagamento antes da aprovação normal. Obrigado.,alto,fraude_executivo,sintetico_v1,treino
msg_00205,"Olá, tudo certo? A apresentação ficou marcada para hoje às 11h. Qualquer dúvida, me chama. Fico à disposição.",baixo,trabalho_estudo,sintetico_v1,treino
msg_00207,"Opa! A divisão da conta ficou em R$ 480,00 para cada pessoa.",baixo,pagamento_conhecido,sintetico_v1,treino
msg_00208,O código de acesso foi enviado porque você pediu. Nenhum atendente solicitará esse código por telefone ou conversa. Obrigado.,baixo,recuperacao_solicitada,sintetico_v1,treino
msg_00210,Há um valor público disponível no seu CPF. Informe a senha bancária para receber. Fico à disposição.,alto,beneficio_com_taxa,sintetico_v1,treino
msg_00211,Bom dia! Sua conta será bloqueada. Confirme agora a senha e os dados do cartão no formulário enviado. Obrigado.,alto,phishing_credenciais,sintetico_v1,treino
msg_00212,"Bom dia! Para corrigir a conta, compartilhe sua tela enquanto abre o aplicativo do banco. Qualquer dúvida, responda por aqui.",alto,acesso_remoto,sintetico_v1,treino
msg_00213,"Não compartilhe o código recebido por SMS, mesmo que alguém diga ser funcionário do banco! Atenciosamente.",baixo,aviso_seguranca,sintetico_v1,treino
msg_00214,Estou em uma emergência e só consigo falar por mensagem. Envie dinheiro sem comentar com ninguém. Obrigado.,alto,falso_familiar,sintetico_v1,treino
msg_00215,Opa! Acesse conta-pendente.example para conferir uma informação importante. Responda quando puder.,medio,link_nao_solicitado,sintetico_v1,treino
msg_00216,Bom dia! A entrega que combinamos foi reagendada para hoje às 16h30. Aguardo seu retorno.,baixo,entrega_esperada,sintetico_v1,treino
msg_00217,"Você foi contratado sem entrevista. Pague R$ 18,90 pelo material obrigatório para começar! Qualquer dúvida, responda por aqui.",alto,vaga_com_taxa,sintetico_v1,treino
msg_00218,Boa tarde! Enviei a versão atualizada do trabalho para o grupo da turma. Não precisa responder agora.,baixo,trabalho_estudo,sintetico_v1,treino
msg_00219,"Oi! Para bloquear uma operação de R$ 189,90, instale o aplicativo de segurança indicado pelo atendente. Me avise quando puder.",alto,falso_banco,sintetico_v1,treino
msg_00221,Deixei a chave com Marcos. Pode buscar terça-feira às 16h30. Confira quando puder.,baixo,lembrete_pessoal,sintetico_v1,treino
msg_00223,"Opa! A vaga é sua, mas precisamos de um Pix para liberar o exame admissional. Aguardo seu retorno.",alto,vaga_com_taxa,sintetico_v1,treino
msg_00225,Boa tarde! Seu protocolo 10482 foi atualizado. Consulte o andamento pelo telefone que está no cartão. Obrigado.,baixo,suporte_solicitado,sintetico_v1,treino
msg_00226,Boa tarde! Você ganhou sem participar de sorteio. Confirme os dados do cartão para receber. Tudo bem?,alto,premio_com_taxa,sintetico_v1,treino
msg_00227,Oi! A reserva para segunda-feira está no nome de Renata e será paga no local.,baixo,lembrete_pessoal,sintetico_v1,treino
msg_00228,Boa tarde! Seu protocolo 89206 foi atualizado. Consulte o andamento pelo menu de segurança do aplicativo! Me avise quando puder.,baixo,suporte_solicitado,sintetico_v1,treino
msg_00230,A verificação em duas etapas foi ativada por você. Guarde os códigos de recuperação em local seguro. Confira quando puder.,baixo,recuperacao_solicitada,sintetico_v1,treino
msg_00231,"Ei, tudo bem? Continue a negociação fora do aplicativo e clique no link para cadastrar sua conta bancária.",alto,fraude_marketplace,sintetico_v1,treino
msg_00232,A atualização anual da conta está disponível por meio do link enviado. Fico à disposição.,medio,atualizacao_cadastral,sintetico_v1,treino
msg_00233,Olá! Meu presente ficou retido na alfândega. Pague a taxa para que ele seja entregue a você. Tudo bem?,alto,fraude_romantica,sintetico_v1,treino
msg_00234,O pagamento do casaco está preso. Pague uma taxa fora da plataforma para liberar a venda. Fico à disposição.,alto,fraude_marketplace,sintetico_v1,treino
msg_00235,Boa noite! O pedido 74518 está parado no centro de distribuição. Consulte a pendência em entrega-atualiza.example. Tudo bem?,medio,entrega_pendente,sintetico_v1,treino
msg_00236,"Seu currículo foi selecionado para uma oportunidade de R$ 189,90 por semana. Responda para saber mais. Fico à disposição.",medio,vaga_duvidosa,sintetico_v1,treino
msg_00237,"Oi! O setor antifraude solicita um Pix de teste, que será devolvido após a verificação! Qualquer dúvida, responda por aqui.",alto,falso_banco,sintetico_v1,treino
msg_00239,Meu presente ficou retido na alfândega. Pague a taxa para que ele seja entregue a você! Aguardo seu retorno.,alto,fraude_romantica,sintetico_v1,treino
msg_00240,Oi! Há uma atualização disponível para sua conta em entrega-atualiza.example. Fico à disposição.,medio,link_nao_solicitado,sintetico_v1,treino
msg_00241,Boa tarde! O atendimento foi encerrado. Nenhum funcionário pedirá sua senha depois desta conversa. Me avise quando puder.,baixo,aviso_seguranca,sintetico_v1,treino
msg_00246,"Bom dia! Sou Patrícia, troquei de número. Salva este contato para falarmos depois. Me avise quando puder.",medio,contato_desconhecido,sintetico_v1,treino
msg_00248,"Boa noite! Fiz o Pix de R$ 480,00 referente à nossa compra combinada. Confira quando puder. Qualquer dúvida, responda por aqui.",baixo,pagamento_conhecido,sintetico_v1,treino
msg_00250,"Seu currículo foi selecionado para uma oportunidade de R$ 189,90 por semana. Responda para saber mais. Obrigado.",medio,vaga_duvidosa,sintetico_v1,treino
msg_00251,Sua encomenda não pôde ser entregue por dados incompletos. Atualize o endereço em premio-resgate.example. Obrigado.,medio,entrega_pendente,sintetico_v1,treino
msg_00253,O código de acesso foi enviado porque você pediu. Nenhum atendente solicitará esse código por telefone ou conversa. Fico à disposição.,baixo,recuperacao_solicitada,sintetico_v1,treino
msg_00254,Opa! Lembrete de segurança: nunca informe sua senha ou código de verificação por mensagem. Consulte sempre o site oficial digitado no navegador. Atenciosamente.,baixo,aviso_seguranca,sintetico_v1,treino
msg_00255,"Ei, tudo bem? A equipe vai revisar o documento segunda-feira antes da reunião. Depois conversamos sobre os ajustes. Responda quando puder.",baixo,trabalho_estudo,sintetico_v1,treino
msg_00256,Detectamos uma tentativa de acesso por um notebook. Verifique a atividade no link desta mensagem. Fico à disposição.,medio,acesso_incomum,sintetico_v1,treino
msg_00257,"Confirmamos o cancelamento pedido por você. O estorno de R$ 1.200,00 aparecerá na próxima fatura!",baixo,suporte_solicitado,sintetico_v1,treino
msg_00262,"Comece investindo R$ 120,00 e acompanhe os resultados pelo grupo de mensagens. Responda quando puder.",medio,investimento_duvidoso,sintetico_v1,treino
msg_00264,Opa! Enviei a versão atualizada do trabalho para o grupo da turma. Responda quando puder.,baixo,trabalho_estudo,sintetico_v1,treino
msg_00267,"Boa tarde! Recebi o pagamento de R$ 1.200,00 que você tinha avisado. Está tudo certo. Responda quando puder.",baixo,pagamento_conhecido,sintetico_v1,treino
msg_00268,"Acesse suporte-verificacao.example e informe usuário, senha e CPF para evitar a suspensão da conta. Obrigado.",alto,phishing_credenciais,sintetico_v1,treino
msg_00269,"Opa! Para trabalhar de casa, compre um kit diretamente com o recrutador e envie o comprovante. Tudo bem?",alto,vaga_com_taxa,sintetico_v1,treino
msg_00270,"A fatura fechou em R$ 250,00. Confira os lançamentos diretamente no aplicativo antes do vencimento. Fico à disposição.",baixo,informativo_financeiro,sintetico_v1,treino
msg_00272,"Bom dia! A nota fiscal da compra de R$ 18,90 foi entregue junto com o produto! Fico à disposição.",baixo,compra_presencial,sintetico_v1,treino
msg_00274,"Ei, tudo bem? Confirmamos o cancelamento pedido por você. O estorno de R$ 189,90 aparecerá na próxima fatura. Me avise quando puder.",baixo,suporte_solicitado,sintetico_v1,treino
msg_00275,"Último aviso: pague por esta chave desconhecida ou todos os seus dados serão divulgados. Qualquer dúvida, responda por aqui.",alto,ameaca_bloqueio,sintetico_v1,treino
msg_00276,"Ei, tudo bem? Recebi o relógio do pedido 35109. A caixa chegou em boas condições. Confira quando puder.",baixo,entrega_esperada,sintetico_v1,treino
msg_00277,"Opa! A divisão da conta ficou em R$ 1.200,00 para cada pessoa! Confira quando puder.",baixo,pagamento_conhecido,sintetico_v1,treino
msg_00279,"Sou o diretor e estou em reunião. Faça um Pix de R$ 120,00 para este fornecedor novo sem avisar a equipe. Obrigado.",alto,fraude_executivo,sintetico_v1,treino
msg_00280,"Olá, tudo certo? O pedido 46722 com o livro saiu para entrega. Você já estava acompanhando pelo aplicativo. Aguardo seu retorno.",baixo,entrega_esperada,sintetico_v1,treino
msg_00282,"Troque o beneficiário do pagamento e ignore o documento recebido pelo canal oficial! Qualquer dúvida, responda por aqui.",alto,boleto_falso,sintetico_v1,treino
msg_00284,"A compra de R$ 250,00 feita por você já aparece no histórico do cartão. Atenciosamente.",baixo,informativo_financeiro,sintetico_v1,treino
msg_00289,"Para concluir a atualização, digite sua senha bancária completa e a data de nascimento. Qualquer dúvida, responda por aqui.",alto,phishing_credenciais,sintetico_v1,treino
msg_00290,Oi! Recebi o computador do pedido 35109. A caixa chegou em boas condições. Me avise quando puder.,baixo,entrega_esperada,sintetico_v1,treino
msg_00292,"Ei, tudo bem? O pagamento do carregador está preso. Pague uma taxa fora da plataforma para liberar a venda. Atenciosamente.",alto,fraude_marketplace,sintetico_v1,treino
msg_00295,"Oi! Enviei a versão atualizada do trabalho para o grupo da turma. Qualquer dúvida, me chama. Responda quando puder.",baixo,trabalho_estudo,sintetico_v1,treino
msg_00296,Um novo dispositivo tentou acessar sua conta. Confirme se reconhece o acesso. Pode confirmar o recebimento?,medio,acesso_incomum,sintetico_v1,treino
msg_00297,Opa! A reserva para sábado está no nome de Fernanda e será paga no local! Me avise quando puder.,baixo,lembrete_pessoal,sintetico_v1,treino
msg_00298,Oi! Sua encomenda não pôde ser entregue por dados incompletos. Atualize o endereço em suporte-verificacao.example. Fico à disposição.,medio,entrega_pendente,sintetico_v1,treino
msg_00299,"Recebemos uma solicitação de cobrança, mas precisamos confirmar se os dados estão corretos. Atenciosamente.",medio,cobranca_duvidosa,sintetico_v1,treino
msg_00300,"Ei, tudo bem? O orçamento solicitado ficou em R$ 250,00. Você pode analisar sem compromisso. Qualquer dúvida, responda por aqui.",baixo,compra_presencial,sintetico_v1,treino
msg_00301,Há informações incompletas no seu perfil. Confirme os dados para evitar problemas futuros.,medio,atualizacao_cadastral,sintetico_v1,treino
msg_00302,Bom dia! Separei o relógio que você viu na loja. Pode passar aqui hoje. Responda quando puder.,baixo,compra_presencial,sintetico_v1,treino
msg_00303,Responda a uma pesquisa rápida e concorra a um casaco. Acesse suporte-verificacao.example. Confira quando puder.,medio,pesquisa_com_premio,sintetico_v1,treino
msg_00304,A reserva para amanhã está no nome de Carla e será paga no local. Atenciosamente.,baixo,lembrete_pessoal,sintetico_v1,treino
msg_00305,"Olá, tudo certo? A transferência precisa ser feita nos próximos minutos para resolver o problema. Confira quando puder.",alto,pix_urgente,sintetico_v1,treino
msg_00306,"Bom dia! Identificamos uma cobrança de R$ 1.200,00 vinculada ao seu nome. Entre em contato para consultar! Confira quando puder.",medio,cobranca_duvidosa,sintetico_v1,treino
msg_00310,Existe uma ordem contra você. Faça o Pix solicitado para evitar consequências legais. Pode confirmar o recebimento?,alto,ameaca_bloqueio,sintetico_v1,treino
msg_00311,"Boa tarde! A vaga é sua, mas precisamos de um Pix para liberar o exame admissional. Pode confirmar o recebimento?",alto,vaga_com_taxa,sintetico_v1,treino
msg_00312,"A fatura fechou em R$ 18,90. Confira os lançamentos diretamente no aplicativo antes do vencimento! Obrigado.",baixo,informativo_financeiro,sintetico_v1,treino
msg_00313,Boa tarde! Sua compra de fone de ouvido será entregue segunda-feira. Não é necessário realizar pagamento adicional. Me avise quando puder.,baixo,entrega_esperada,sintetico_v1,treino
msg_00314,"Olá! Invista R$ 120,00 hoje e receba o dobro amanhã, com lucro garantido e sem risco. Aguardo seu retorno.",alto,investimento_garantido,sintetico_v1,treino
msg_00316,O banco informa que não existe taxa para liberar estorno ou cancelar transferência! Aguardo seu retorno.,baixo,informativo_financeiro,sintetico_v1,treino
msg_00317,"Sou eu, Marcos. Meu celular quebrou; não liga agora. Transfira R$ 120,00 para esta chave. Responda quando puder.",alto,falso_familiar,sintetico_v1,treino
msg_00318,"Invista R$ 120,00 hoje e receba o dobro amanhã, com lucro garantido e sem risco. Atenciosamente.",alto,investimento_garantido,sintetico_v1,treino
msg_00320,"Olá, tudo certo? Desconto especial liberado sem que você tenha feito cadastro. Confirme se deseja receber a oferta. Tudo bem?",medio,oferta_improvavel,sintetico_v1,treino
msg_00321,Opa! Recebi o relógio do pedido 61973. A caixa chegou em boas condições. Confira quando puder.,baixo,entrega_esperada,sintetico_v1,treino
msg_00322,Seu protocolo 35109 foi atualizado. Consulte o andamento pelo telefone que está no cartão. Obrigado.,baixo,suporte_solicitado,sintetico_v1,treino
msg_00325,"Olá! Peguei seu contato com um conhecido, mas prefiro explicar o assunto por mensagem. Confira quando puder.",medio,contato_desconhecido,sintetico_v1,treino
msg_00326,"Boa noite! Você foi contratado sem entrevista. Pague R$ 42,00 pelo material obrigatório para começar. Fico à disposição.",alto,vaga_com_taxa,sintetico_v1,treino
msg_00327,"Oi! Detectamos uma tentativa de acesso por um iPhone. Verifique a atividade no link desta mensagem! Qualquer dúvida, responda por aqui.",medio,acesso_incomum,sintetico_v1,treino
msg_00329,Olá! A reunião foi confirmada para terça-feira às 18h. Me avise quando puder.,baixo,conversa_cotidiana,sintetico_v1,treino
msg_00331,Boa noite! O comprovante da transferência combinada está salvo no aplicativo. Não precisa clicar em nenhum link. Atenciosamente.,baixo,pagamento_conhecido,sintetico_v1,treino
msg_00333,"Opa! Conforme o chamado que você abriu, o atendimento está agendado para hoje às 16h30. Não enviaremos pedido de senha. Aguardo seu retorno.",baixo,suporte_solicitado,sintetico_v1,treino
msg_00335,"Ei, tudo bem? A verificação em duas etapas foi ativada por você. Guarde os códigos de recuperação em local seguro. Responda quando puder.",baixo,recuperacao_solicitada,sintetico_v1,treino
msg_00337,"Ei, tudo bem? Seu acesso pelo iPhone foi confirmado no aplicativo que você abriu. Atenciosamente.",baixo,recuperacao_solicitada,sintetico_v1,treino
msg_00338,"Ei, tudo bem? Sou do atendimento e preciso validar algumas informações antes de continuar. Fico à disposição.",medio,contato_desconhecido,sintetico_v1,treino
msg_00339,"Para corrigir a conta, compartilhe sua tela enquanto abre o aplicativo do banco. Pode confirmar o recebimento?",alto,acesso_remoto,sintetico_v1,treino
msg_00340,Boa tarde! Sua encomenda não pôde ser entregue por dados incompletos. Atualize o endereço em entrega-atualiza.example. Atenciosamente.,medio,entrega_pendente,sintetico_v1,treino
msg_00343,Olá! A entrega que combinamos foi reagendada para hoje no fim da tarde. Obrigado.,baixo,entrega_esperada,sintetico_v1,treino
msg_00344,"Olá, tudo certo? Recebi o pagamento de R$ 18,90 que você tinha avisado. Está tudo certo. Pode confirmar o recebimento?",baixo,pagamento_conhecido,sintetico_v1,treino
msg_00346,Bom dia! Encontramos uma divergência no CEP da sua entrega. Confirme as informações ainda hoje. Confira quando puder.,medio,entrega_pendente,sintetico_v1,treino
msg_00348,Opa! Você recebeu um documento para consultar no endereço conta-pendente.example. Estamos aguardando sua confirmação. Responda quando puder.,medio,link_nao_solicitado,sintetico_v1,treino
msg_00349,Bom dia! Um novo dispositivo tentou acessar sua conta. Confirme se reconhece o acesso! Aguardo seu retorno.,medio,acesso_incomum,sintetico_v1,treino
msg_00350,"Opa! Faça o pagamento imediatamente para evitar uma multa maior. Use a chave enviada nesta conversa. Qualquer dúvida, responda por aqui.",alto,pix_urgente,sintetico_v1,treino
msg_00351,Há um valor público disponível no seu CPF. Informe a senha bancária para receber. Pode confirmar o recebimento?,alto,beneficio_com_taxa,sintetico_v1,treino
msg_00352,Opa! Responda a uma pesquisa rápida e concorra a um carregador. Acesse confirmacao-imediata.example. Obrigado.,medio,pesquisa_com_premio,sintetico_v1,treino
msg_00353,Estou no exterior e minha conta foi bloqueada. Envie dinheiro para um conhecido até eu voltar. Confira quando puder.,alto,fraude_romantica,sintetico_v1,treino
msg_00354,"Olá, tudo certo? Para bloquear uma operação de R$ 1.200,00, instale o aplicativo de segurança indicado pelo atendente. Pode confirmar o recebimento?",alto,falso_banco,sintetico_v1,treino
msg_00355,Meu presente ficou retido na alfândega. Pague a taxa para que ele seja entregue a você. Responda quando puder.,alto,fraude_romantica,sintetico_v1,treino
msg_00357,"Se receber uma cobrança inesperada, confirme diretamente pelo site oficial digitado no navegador antes de pagar. Fico à disposição.",baixo,aviso_seguranca,sintetico_v1,treino
msg_00358,Olá! Houve uma alteração nas configurações da conta. Consulte o atendimento caso não reconheça. Confira quando puder.,medio,acesso_incomum,sintetico_v1,treino
msg_00359,"Bom dia! Invista R$ 120,00 hoje e receba o dobro amanhã, com lucro garantido e sem risco. Confira quando puder.",alto,investimento_garantido,sintetico_v1,treino
msg_00360,Conheça uma oportunidade de investimento com retorno acima da média. Fale com nosso consultor!,medio,investimento_duvidoso,sintetico_v1,treino
msg_00361,"Opa! Fiz o Pix de R$ 1.200,00 referente à nossa compra combinada. Confira quando puder. Obrigado.",baixo,pagamento_conhecido,sintetico_v1,treino
msg_00364,"Olá! O professor colocou as orientações da atividade no portal da faculdade. Qualquer dúvida, me chama. Obrigado.",baixo,trabalho_estudo,sintetico_v1,treino
msg_00365,Sua sessão pode ter expirado. Faça uma nova validação para continuar utilizando o serviço. Aguardo seu retorno.,medio,acesso_incomum,sintetico_v1,treino
msg_00368,"Olá! Sou eu, Patrícia. Meu celular quebrou; não liga agora. Transfira R$ 18,90 para esta chave. Me avise quando puder.",alto,falso_familiar,sintetico_v1,treino
msg_00369,"Bom dia! Fiz o Pix de R$ 480,00 referente à nossa compra combinada. Confira quando puder! Fico à disposição.",baixo,pagamento_conhecido,sintetico_v1,treino
msg_00370,"Ei, tudo bem? Uma promoção reservada para seu número termina em poucas horas. Clique para conhecer as condições. Atenciosamente.",medio,oferta_improvavel,sintetico_v1,treino
msg_00371,"Boa noite! Recebemos várias tentativas de entrada. A mensagem pede confirmação, mas não informa o canal oficial! Obrigado.",medio,acesso_incomum,sintetico_v1,treino
msg_00372,Oi! Sua sessão pode ter expirado. Faça uma nova validação para continuar utilizando o serviço. Pode confirmar o recebimento?,medio,acesso_incomum,sintetico_v1,treino
msg_00373,"Ei, tudo bem? Deixei a chave com Marcos. Pode buscar quarta-feira depois do almoço. Responda quando puder.",baixo,lembrete_pessoal,sintetico_v1,treino
msg_00378,Conheça uma oportunidade de investimento com retorno acima da média. Fale com nosso consultor. Tudo bem?,medio,investimento_duvidoso,sintetico_v1,treino
msg_00380,"Boa noite! Pai, este é meu contato novo. Preciso pagar uma conta urgente e depois devolvo o dinheiro. Obrigado.",alto,falso_familiar,sintetico_v1,treino
msg_00382,"Você foi selecionado para comprar um teclado por R$ 120,00. A quantidade é limitada. Me avise quando puder.",medio,oferta_improvavel,sintetico_v1,treino
msg_00384,Boa noite! O pagamento do benefício depende de uma taxa via Pix para este atendente. Aguardo seu retorno.,alto,beneficio_com_taxa,sintetico_v1,treino
msg_00385,"Ei, tudo bem? Existe um débito pendente com vencimento sexta-feira. A origem não foi informada nesta mensagem.",medio,cobranca_duvidosa,sintetico_v1,treino
msg_00387,Oi! Participe de um questionário e desbloqueie uma oferta especial no final. Aguardo seu retorno.,medio,pesquisa_com_premio,sintetico_v1,treino
msg_00390,"Opa! A mensalidade de R$ 480,00 apareceu normalmente no aplicativo do banco. Me avise quando puder.",baixo,pagamento_conhecido,sintetico_v1,treino
msg_00392,Temos uma oportunidade com preço muito abaixo do mercado e entrega imediata. Me avise quando puder.,medio,oferta_improvavel,sintetico_v1,treino
msg_00393,"Ei, tudo bem? Uma entrega está aguardando sua confirmação, mas a mensagem não informa qual compra originou o envio.",medio,entrega_pendente,sintetico_v1,treino
msg_00395,"Parabéns, você ganhou um relógio. Pague R$ 480,00 de taxa para receber o prêmio. Responda quando puder.",alto,premio_com_taxa,sintetico_v1,treino
msg_00396,Uma empresa encontrou seu perfil e quer fazer a entrevista somente por mensagens. Tudo bem?,medio,vaga_duvidosa,sintetico_v1,treino
msg_00397,Olá! Sua conta será encerrada em dez minutos. Envie a senha para impedir o bloqueio!,alto,ameaca_bloqueio,sintetico_v1,treino
msg_00398,Olá! O pagamento do benefício depende de uma taxa via Pix para este atendente. Tudo bem?,alto,beneficio_com_taxa,sintetico_v1,treino
msg_00403,"Boa tarde! Confirmamos o cancelamento pedido por você. O estorno de R$ 18,90 aparecerá na próxima fatura. Qualquer dúvida, responda por aqui.",baixo,suporte_solicitado,sintetico_v1,treino
msg_00405,"Olá! Mãe, troquei de número e estou sem acesso ao banco. Faz um Pix de R$ 1.200,00 para meu amigo? Obrigado.",alto,falso_familiar,sintetico_v1,treino
msg_00406,Você iniciou uma recuperação de senha no telefone que está no cartão. Digite o código somente na tela que você abriu e não o compartilhe. Me avise quando puder.,baixo,recuperacao_solicitada,sintetico_v1,treino
msg_00409,"Oi! Uma entrega está aguardando sua confirmação, mas a mensagem não informa qual compra originou o envio. Me avise quando puder.",medio,entrega_pendente,sintetico_v1,treino
msg_00410,"Opa! Recebi o pagamento de R$ 18,90 que você tinha avisado. Está tudo certo. Obrigado.",baixo,pagamento_conhecido,sintetico_v1,treino
msg_00411,Boa tarde! Você pode trazer o caderno quando vier terça-feira? Até mais. Confira quando puder.,baixo,conversa_cotidiana,sintetico_v1,treino
msg_00415,"Quero muito encontrar você, mas preciso de R$ 42,00 para comprar a passagem. Não conte a ninguém. Fico à disposição.",alto,fraude_romantica,sintetico_v1,treino
msg_00417,"Seu indenização foi aprovado. Pague R$ 42,00 para liberar o depósito. Me avise quando puder.",alto,beneficio_com_taxa,sintetico_v1,treino
msg_00420,"A negociação de uma dívida no valor de R$ 120,00 está disponível por tempo limitado.",medio,cobranca_duvidosa,sintetico_v1,treino
msg_00421,Estou usando um número pessoal. Pague a nota enviada e não confirme com mais ninguém. Obrigado.,alto,fraude_executivo,sintetico_v1,treino
msg_00423,"A fatura fechou em R$ 189,90. Confira os lançamentos diretamente no aplicativo antes do vencimento. Qualquer dúvida, responda por aqui.",baixo,informativo_financeiro,sintetico_v1,treino
msg_00424,"Ei, tudo bem? Meu aplicativo travou e preciso pagar uma conta urgente. Transfira R$ 42,00 para esta chave nova. Responda quando puder.",alto,pix_urgente,sintetico_v1,treino
msg_00425,"Olá, tudo certo? Há uma atualização disponível para sua conta em conta-pendente.example. Qualquer dúvida, responda por aqui.",medio,link_nao_solicitado,sintetico_v1,treino
msg_00427,Boa tarde! Seus dados cadastrais precisam ser atualizados. Inicie a revisão em entrega-atualiza.example. Confira quando puder.,medio,atualizacao_cadastral,sintetico_v1,treino
msg_00428,"Boa noite! Vou chegar às 8h. Se mudar alguma coisa, eu aviso por aqui! Fico à disposição.",baixo,conversa_cotidiana,sintetico_v1,treino
msg_00431,Houve uma alteração nas configurações da conta. Consulte o atendimento caso não reconheça. Pode confirmar o recebimento?,medio,acesso_incomum,sintetico_v1,treino
msg_00432,"Opa! Para concluir a atualização, digite sua senha bancária completa e a data de nascimento! Responda quando puder.",alto,phishing_credenciais,sintetico_v1,treino
msg_00434,Desconto especial liberado sem que você tenha feito cadastro. Confirme se deseja receber a oferta. Fico à disposição.,medio,oferta_improvavel,sintetico_v1,treino
msg_00436,"Ei, tudo bem? Seus dados cadastrais precisam ser atualizados. Inicie a revisão em entrega-atualiza.example! Me avise quando puder.",medio,atualizacao_cadastral,sintetico_v1,treino
msg_00437,"Boa noite! Fiz o Pix de R$ 480,00 referente à nossa compra combinada. Confira quando puder.",baixo,pagamento_conhecido,sintetico_v1,treino
msg_00438,Boa tarde! Você consegue conferir os slides e deixar seus comentários até às 11h? Não precisa responder agora! Fico à disposição.,baixo,trabalho_estudo,sintetico_v1,treino
msg_00439,"Olá, tudo certo? Para cancelar a compra, preciso que você diga o token que apareceu no aplicativo. Fico à disposição.",alto,codigo_verificacao,sintetico_v1,treino
msg_00440,"Opa! Seu banco não solicita transferência para cancelar uma compra. Em caso de dúvida, abra o site oficial digitado no navegador. Qualquer dúvida, responda por aqui.",baixo,aviso_seguranca,sintetico_v1,treino
msg_00441,"Boa noite! Não compartilhe o código recebido por SMS, mesmo que alguém diga ser funcionário do banco. Obrigado.",baixo,aviso_seguranca,sintetico_v1,treino
msg_00442,"Sou o diretor e estou em reunião. Faça um Pix de R$ 42,00 para este fornecedor novo sem avisar a equipe! Confira quando puder.",alto,fraude_executivo,sintetico_v1,treino
msg_00443,Existe um débito pendente com vencimento sábado. A origem não foi informada nesta mensagem! Aguardo seu retorno.,medio,cobranca_duvidosa,sintetico_v1,treino
msg_00444,"Boa tarde! Sou Bruno, troquei de número. Salva este contato para falarmos depois. Me avise quando puder.",medio,contato_desconhecido,sintetico_v1,treino
msg_00445,"Recebi uma dica exclusiva de investimento e posso incluir você, se responder ainda hoje. Tudo bem?",medio,investimento_duvidoso,sintetico_v1,treino
msg_00448,"Deposite a taxa do uniforme hoje e receba o contrato somente depois do pagamento. Qualquer dúvida, responda por aqui.",alto,vaga_com_taxa,sintetico_v1,treino
msg_00450,"Patrícia, lembre-se da consulta sábado às 14h. A clínica já confirmou por telefone. Me avise quando puder.",baixo,lembrete_pessoal,sintetico_v1,treino
msg_00451,"Opa! Seu banco não solicita transferência para cancelar uma compra. Em caso de dúvida, abra o site oficial digitado no navegador.",baixo,aviso_seguranca,sintetico_v1,treino
msg_00452,Olá! Recebi o relógio do pedido 74518. A caixa chegou em boas condições. Atenciosamente.,baixo,entrega_esperada,sintetico_v1,treino
msg_00455,Temos uma vaga de trabalho remoto com início imediato. Não é necessário processo seletivo.,medio,vaga_duvidosa,sintetico_v1,treino
msg_00456,"Olá, tudo certo? Responda a uma pesquisa rápida e concorra a um casaco. Acesse conta-pendente.example! Pode confirmar o recebimento?",medio,pesquisa_com_premio,sintetico_v1,treino
msg_00457,"Bom dia! Invista R$ 18,90 hoje e receba o dobro amanhã, com lucro garantido e sem risco. Confira quando puder.",alto,investimento_garantido,sintetico_v1,treino
msg_00458,Responda a uma pesquisa rápida e concorra a um relógio. Acesse suporte-verificacao.example.,medio,pesquisa_com_premio,sintetico_v1,treino
msg_00460,"Opa! Quero muito encontrar você, mas preciso de R$ 75,50 para comprar a passagem. Não conte a ninguém. Responda quando puder.",alto,fraude_romantica,sintetico_v1,treino
msg_00461,Olá! Acesse entrega-atualiza.example para conferir uma informação importante. Estamos aguardando sua confirmação. Tudo bem?,medio,link_nao_solicitado,sintetico_v1,treino
msg_00463,"Trabalho simples pelo celular, horários livres e pagamento diário. Peça as instruções. Atenciosamente.",medio,vaga_duvidosa,sintetico_v1,treino
msg_00464,"Boa tarde! Sou Carla, troquei de número. Salva este contato para falarmos depois. Confira quando puder.",medio,contato_desconhecido,sintetico_v1,treino
msg_00465,"A vaga é sua, mas precisamos de um Pix para liberar o exame admissional! Fico à disposição.",alto,vaga_com_taxa,sintetico_v1,treino
msg_00466,Oi! O professor colocou as orientações da atividade no portal da faculdade. Me avise quando puder.,baixo,trabalho_estudo,sintetico_v1,treino
msg_00467,Lembrete de segurança: nunca informe sua senha ou código de verificação por mensagem. Consulte sempre o telefone que está no cartão.,baixo,aviso_seguranca,sintetico_v1,treino
msg_00468,Boa tarde! Estou falando em nome da empresa sobre uma solicitação no seu CPF! Pode confirmar o recebimento?,medio,contato_desconhecido,sintetico_v1,treino
msg_00470,"Ei, tudo bem? Mãe, troquei de número e estou sem acesso ao banco. Faz um Pix de R$ 18,90 para meu amigo? Pode confirmar o recebimento?",alto,falso_familiar,sintetico_v1,treino
msg_00471,Bom dia! O pagamento do benefício depende de uma taxa via Pix para este atendente. Tudo bem?,alto,beneficio_com_taxa,sintetico_v1,treino
msg_00473,Salva meu número novo e apaga o antigo. Também preciso que pague um boleto para mim agora!,alto,falso_familiar,sintetico_v1,treino
msg_00474,Sua sessão pode ter expirado. Faça uma nova validação para continuar utilizando o serviço. Atenciosamente.,medio,acesso_incomum,sintetico_v1,treino
msg_00475,A troca do fone de ouvido solicitada por você foi aprovada e não possui taxa adicional.,baixo,suporte_solicitado,sintetico_v1,treino
msg_00476,Uma empresa encontrou seu perfil e quer fazer a entrevista somente por mensagens. Me avise quando puder.,medio,vaga_duvidosa,sintetico_v1,treino
msg_00478,Não esqueça de levar o documento para a matrícula na clínica. Pode confirmar o recebimento?,baixo,lembrete_pessoal,sintetico_v1,treino
msg_00480,"Opa! O investimento apresentou variação neste mês; rentabilidade passada não garante retorno futuro. Qualquer dúvida, responda por aqui.",baixo,informativo_financeiro,sintetico_v1,treino
msg_00481,Boa noite! Detectamos uma tentativa de acesso por um celular Android. Verifique a atividade no link desta mensagem! Pode confirmar o recebimento?,medio,acesso_incomum,sintetico_v1,treino
msg_00482,Olá! Mude os dados bancários do fornecedor e processe o pagamento antes da aprovação normal. Tudo bem?,alto,fraude_executivo,sintetico_v1,treino
msg_00484,A empresa exige pagamento antecipado para cadastrar seu salário e confirmar a contratação. Aguardo seu retorno.,alto,vaga_com_taxa,sintetico_v1,treino
msg_00488,Boa tarde! O aniversário da Renata será sábado depois do almoço. Cada pessoa pode levar alguma coisa. Obrigado.,baixo,lembrete_pessoal,sintetico_v1,treino
msg_00489,Opa! Estou usando um número pessoal. Pague a nota enviada e não confirme com mais ninguém. Aguardo seu retorno.,alto,fraude_executivo,sintetico_v1,treino
msg_00492,Opa! Você foi convidado para avaliar nosso atendimento e poderá receber uma recompensa! Fico à disposição.,medio,pesquisa_com_premio,sintetico_v1,treino
msg_00493,"Olá, tudo certo? O professor colocou as orientações da atividade no portal da faculdade. Obrigado.",baixo,trabalho_estudo,sintetico_v1,treino
msg_00496,"Boa noite! Precisamos validar seu telefone e endereço para manter o serviço ativo. Qualquer dúvida, responda por aqui.",medio,atualizacao_cadastral,sintetico_v1,treino
msg_00498,Boa noite! Faça o pagamento imediatamente para evitar uma multa maior. Use a chave enviada nesta conversa. Pode confirmar o recebimento?,alto,pix_urgente,sintetico_v1,treino
msg_00500,"Ei, tudo bem? Faça o pagamento imediatamente para evitar uma multa maior. Use a chave enviada nesta conversa.",alto,pix_urgente,sintetico_v1,treino
msg_00501,"Sua opinião vale um cupom de R$ 480,00. Preencha o formulário enviado por mensagem. Pode confirmar o recebimento?",medio,pesquisa_com_premio,sintetico_v1,treino
msg_00502,Você foi aprovado para uma vaga à qual não se lembra de ter se candidatado. Confirme seu interesse. Fico à disposição.,medio,vaga_duvidosa,sintetico_v1,treino
msg_00504,"A alteração de senha solicitada por você foi concluída. Se não reconhecer, entre no menu de segurança do aplicativo sem usar links da mensagem. Aguardo seu retorno.",baixo,recuperacao_solicitada,sintetico_v1,treino
msg_00505,"Ei, tudo bem? Estou falando em nome da empresa sobre uma solicitação no seu CPF. Pode confirmar o recebimento?",medio,contato_desconhecido,sintetico_v1,treino
msg_00506,"Confirmamos o cancelamento pedido por você. O estorno de R$ 480,00 aparecerá na próxima fatura. Obrigado.",baixo,suporte_solicitado,sintetico_v1,treino
msg_00507,"Ei, tudo bem? Participe de um questionário e desbloqueie uma oferta especial no final. Confira quando puder.",medio,pesquisa_com_premio,sintetico_v1,treino
msg_00508,"A compra de R$ 189,90 feita por você já aparece no histórico do cartão. Fico à disposição.",baixo,informativo_financeiro,sintetico_v1,treino
msg_00509,Responda a uma pesquisa rápida e concorra a um fone de ouvido. Acesse confirmacao-imediata.example. Responda quando puder.,medio,pesquisa_com_premio,sintetico_v1,treino
msg_00510,Olá! Continue a negociação fora do aplicativo e clique no link para cadastrar sua conta bancária. Tudo bem?,alto,fraude_marketplace,sintetico_v1,treino
msg_00511,Seus dados cadastrais precisam ser atualizados. Inicie a revisão em entrega-atualiza.example. Responda quando puder.,medio,atualizacao_cadastral,sintetico_v1,treino
msg_00512,O aniversário da Bruno será amanhã às 8h. Cada pessoa pode levar alguma coisa. Aguardo seu retorno.,baixo,lembrete_pessoal,sintetico_v1,treino
msg_00513,"Lembrete de segurança: nunca informe sua senha ou código de verificação por mensagem. Consulte sempre o telefone que está no cartão. Qualquer dúvida, responda por aqui.",baixo,aviso_seguranca,sintetico_v1,treino
msg_00514,Bom dia! A equipe vai revisar o documento hoje antes da reunião. Depois conversamos sobre os ajustes. Atenciosamente.,baixo,trabalho_estudo,sintetico_v1,treino
msg_00516,"Ei, tudo bem? Temos um assunto particular para tratar com você. Confirme se este número é seu. Qualquer dúvida, responda por aqui.",medio,contato_desconhecido,sintetico_v1,treino
msg_00517,"Olá, tudo certo? Você recebeu um documento para consultar no endereço entrega-atualiza.example. O acesso ficará disponível por algumas horas. Responda quando puder.",medio,link_nao_solicitado,sintetico_v1,treino
msg_00519,"Oi! Conforme o chamado que você abriu, o atendimento está agendado para amanhã às 16h30. Não enviaremos pedido de senha. Confira quando puder.",baixo,suporte_solicitado,sintetico_v1,treino
msg_00520,Temos poucas vagas para uma operação de investimento automatizada. Responda quando puder.,medio,investimento_duvidoso,sintetico_v1,treino
msg_00521,"Boa tarde! O professor colocou as orientações da atividade no portal da faculdade. Qualquer dúvida, me chama. Fico à disposição.",baixo,trabalho_estudo,sintetico_v1,treino
msg_00522,"Ignore o procedimento da empresa; esta transferência é urgente e deve ficar em segredo. Qualquer dúvida, responda por aqui.",alto,fraude_executivo,sintetico_v1,treino
msg_00523,Encontramos uma divergência no CEP da sua entrega. Confirme as informações ainda hoje. Responda quando puder.,medio,entrega_pendente,sintetico_v1,treino
msg_00524,"Olá, tudo certo? O aniversário da Patrícia será segunda-feira no fim da tarde. Cada pessoa pode levar alguma coisa. Responda quando puder.",baixo,lembrete_pessoal,sintetico_v1,treino
msg_00528,"Seu banco não solicita transferência para cancelar uma compra. Em caso de dúvida, abra o aplicativo oficial! Atenciosamente.",baixo,aviso_seguranca,sintetico_v1,treino
msg_00529,Boa tarde! Enviei a versão atualizada do trabalho para o grupo da turma. Não precisa responder agora. Tudo bem?,baixo,trabalho_estudo,sintetico_v1,treino
msg_00530,"Olá, tudo certo? Se não pagar R$ 480,00 agora, seu CPF será bloqueado e a polícia será acionada. Confira quando puder.",alto,ameaca_bloqueio,sintetico_v1,treino
msg_00531,Bom dia! Enviei a versão atualizada do trabalho para o grupo da turma. Depois conversamos sobre os ajustes! Pode confirmar o recebimento?,baixo,trabalho_estudo,sintetico_v1,treino
msg_00532,"Ei, tudo bem? Sou do atendimento e preciso validar algumas informações antes de continuar. Me avise quando puder.",medio,contato_desconhecido,sintetico_v1,treino
msg_00533,Olá! A apresentação ficou marcada para quarta-feira às 8h. Responda quando puder.,baixo,trabalho_estudo,sintetico_v1,treino
msg_00534,Sua sessão pode ter expirado. Faça uma nova validação para continuar utilizando o serviço! Obrigado.,medio,acesso_incomum,sintetico_v1,treino
msg_00535,"Ei, tudo bem? Enviei a versão atualizada do trabalho para o grupo da turma. Depois conversamos sobre os ajustes. Aguardo seu retorno.",baixo,trabalho_estudo,sintetico_v1,treino
msg_00536,Seu número foi sorteado. Envie um Pix de liberação antes de resgatar o valor.,alto,premio_com_taxa,sintetico_v1,treino
msg_00538,Oferta exclusiva: o casaco está com 80% de desconto somente hoje. Consulte entrega-atualiza.example. Obrigado.,medio,oferta_improvavel,sintetico_v1,treino
msg_00539,Bom dia! Existe um débito pendente com vencimento quarta-feira. A origem não foi informada nesta mensagem. Atenciosamente.,medio,cobranca_duvidosa,sintetico_v1,treino
msg_00541,"Ei, tudo bem? Um funcionário ligará para recolher seu cartão e pedirá a senha para concluir o cancelamento. Tudo bem?",alto,falso_banco,sintetico_v1,treino
msg_00543,"Oi! A mensalidade de R$ 250,00 apareceu normalmente no aplicativo do banco. Tudo bem?",baixo,pagamento_conhecido,sintetico_v1,treino
msg_00544,"Bom dia! A nota fiscal da compra de R$ 1.200,00 foi entregue junto com o produto. Fico à disposição.",baixo,compra_presencial,sintetico_v1,treino
msg_00545,"Ei, tudo bem? Pegue um empréstimo e invista conosco; o lucro certo pagará todas as parcelas. Atenciosamente.",alto,investimento_garantido,sintetico_v1,treino
msg_00546,"Boa tarde! Peguei seu contato com um conhecido, mas prefiro explicar o assunto por mensagem. Responda quando puder.",medio,contato_desconhecido,sintetico_v1,treino
msg_00548,"Estou em uma emergência e só consigo falar por mensagem. Envie dinheiro sem comentar com ninguém! Qualquer dúvida, responda por aqui.",alto,falso_familiar,sintetico_v1,treino
msg_00549,"Boa tarde! Fiz o Pix de R$ 250,00 referente à nossa compra combinada. Confira quando puder. Pode confirmar o recebimento?",baixo,pagamento_conhecido,sintetico_v1,treino
msg_00550,"Sou eu, Larissa. Meu celular quebrou; não liga agora. Transfira R$ 120,00 para esta chave. Aguardo seu retorno.",alto,falso_familiar,sintetico_v1,treino
msg_00551,"Seu código de recuperação chegou. Passe todos os dígitos agora antes que ele expire. Qualquer dúvida, responda por aqui.",alto,codigo_verificacao,sintetico_v1,treino
msg_00552,A empresa exige pagamento antecipado para cadastrar seu salário e confirmar a contratação! Confira quando puder.,alto,vaga_com_taxa,sintetico_v1,treino
msg_00553,"Olá, tudo certo? Você tem um reembolso a receber. Envie foto do documento, cartão e senha.",alto,beneficio_com_taxa,sintetico_v1,treino
msg_00554,Bom dia! Seu extrato mensal está disponível no telefone que está no cartão. Esta mensagem não contém link de acesso. Responda quando puder.,baixo,informativo_financeiro,sintetico_v1,treino
msg_00555,Salva meu número novo e apaga o antigo. Também preciso que pague um boleto para mim agora. Confira quando puder.,alto,falso_familiar,sintetico_v1,treino
msg_00556,"Ei, tudo bem? Seu CPF pode ter uma pendência financeira. Consulte as condições no endereço enviado. Qualquer dúvida, responda por aqui.",medio,cobranca_duvidosa,sintetico_v1,treino
msg_00557,"Invista R$ 120,00 hoje e receba o dobro amanhã, com lucro garantido e sem risco. Confira quando puder.",alto,investimento_garantido,sintetico_v1,treino
msg_00558,Seus dados cadastrais precisam ser atualizados. Inicie a revisão em suporte-verificacao.example. Responda quando puder.,medio,atualizacao_cadastral,sintetico_v1,treino
msg_00559,"Ei, tudo bem? O comprovante da transferência combinada está salvo no aplicativo. Não precisa clicar em nenhum link. Aguardo seu retorno.",baixo,pagamento_conhecido,sintetico_v1,treino
msg_00560,Opa! A reserva está confirmada para sábado às 16h30 e o pagamento será feito no local. Me avise quando puder.,baixo,compra_presencial,sintetico_v1,treino
msg_00562,"Olá, tudo certo? O investimento apresentou variação neste mês; rentabilidade passada não garante retorno futuro. Responda quando puder.",baixo,informativo_financeiro,sintetico_v1,treino
msg_00563,"A vaga é sua, mas precisamos de um Pix para liberar o exame admissional.",alto,vaga_com_taxa,sintetico_v1,treino
msg_00564,"Ei, tudo bem? Pai, este é meu contato novo. Preciso pagar uma conta urgente e depois devolvo o dinheiro. Atenciosamente.",alto,falso_familiar,sintetico_v1,treino
msg_00565,"Sou eu, Patrícia. Meu celular quebrou; não liga agora. Transfira R$ 189,90 para esta chave. Qualquer dúvida, responda por aqui.",alto,falso_familiar,sintetico_v1,treino
msg_00567,Bom dia! A apresentação ficou marcada para segunda-feira depois do almoço. Depois conversamos sobre os ajustes! Pode confirmar o recebimento?,baixo,trabalho_estudo,sintetico_v1,treino
msg_00568,Opa! Você consegue me encontrar na sala de estudos sábado às 18h? Até mais. Me avise quando puder.,baixo,conversa_cotidiana,sintetico_v1,treino
msg_00569,"Olá, tudo certo? O aniversário da Rafael será segunda-feira às 9h30. Cada pessoa pode levar alguma coisa. Tudo bem?",baixo,lembrete_pessoal,sintetico_v1,treino
msg_00570,Seu protocolo 58340 foi atualizado. Consulte o andamento pelo canal oficial de atendimento! Atenciosamente.,baixo,suporte_solicitado,sintetico_v1,treino
msg_00571,A atualização anual da conta está disponível por meio do link enviado! Atenciosamente.,medio,atualizacao_cadastral,sintetico_v1,treino
msg_00574,Preciso que compre cartões-presente agora e envie os códigos por mensagem. É confidencial. Obrigado.,alto,fraude_executivo,sintetico_v1,treino
msg_00575,Boa noite! Estou falando em nome da empresa sobre uma solicitação no seu CPF! Tudo bem?,medio,contato_desconhecido,sintetico_v1,treino
msg_00576,Continue a negociação fora do aplicativo e clique no link para cadastrar sua conta bancária! Atenciosamente.,alto,fraude_marketplace,sintetico_v1,treino
msg_00577,O atendimento foi encerrado. Nenhum funcionário pedirá sua senha depois desta conversa. Obrigado.,baixo,aviso_seguranca,sintetico_v1,treino
msg_00578,Seu número foi sorteado. Envie um Pix de liberação antes de resgatar o valor! Me avise quando puder.,alto,premio_com_taxa,sintetico_v1,treino
msg_00581,"Ei, tudo bem? Você foi contratado sem entrevista. Pague R$ 189,90 pelo material obrigatório para começar. Responda quando puder.",alto,vaga_com_taxa,sintetico_v1,treino
msg_00582,"Olá, tudo certo? Vou chegar às 16h30. Se mudar alguma coisa, eu aviso por aqui. Fico à disposição.",baixo,conversa_cotidiana,sintetico_v1,treino
msg_00583,"Boa tarde! Confirmamos o cancelamento pedido por você. O estorno de R$ 1.200,00 aparecerá na próxima fatura! Qualquer dúvida, responda por aqui.",baixo,suporte_solicitado,sintetico_v1,treino
msg_00585,Existe um débito pendente com vencimento sábado. A origem não foi informada nesta mensagem. Tudo bem?,medio,cobranca_duvidosa,sintetico_v1,treino
msg_00586,"O comprador pagou a mais por engano. Transfira R$ 189,90 imediatamente para uma terceira pessoa. Tudo bem?",alto,fraude_marketplace,sintetico_v1,treino
msg_00588,"A negociação de uma dívida no valor de R$ 42,00 está disponível por tempo limitado. Responda quando puder.",medio,cobranca_duvidosa,sintetico_v1,treino
msg_00589,"Boa tarde! A alteração de senha solicitada por você foi concluída. Se não reconhecer, entre no telefone que está no cartão sem usar links da mensagem. Obrigado.",baixo,recuperacao_solicitada,sintetico_v1,treino
msg_00591,Oferta exclusiva: o carregador está com 80% de desconto somente hoje. Consulte entrega-atualiza.example. Pode confirmar o recebimento?,medio,oferta_improvavel,sintetico_v1,treino
msg_00592,"Sua opinião vale um cupom de R$ 189,90. Preencha o formulário enviado por mensagem.",medio,pesquisa_com_premio,sintetico_v1,treino
msg_00594,Olá! Detectamos uma tentativa de acesso por um celular Android. Verifique a atividade no link desta mensagem. Me avise quando puder.,medio,acesso_incomum,sintetico_v1,treino
msg_00595,Opa! Seu código de recuperação chegou. Passe todos os dígitos agora antes que ele expire. Tudo bem?,alto,codigo_verificacao,sintetico_v1,treino
msg_00597,"Boa noite! Preciso que faça um Pix de R$ 120,00 agora. Depois explico o motivo. Obrigado.",alto,pix_urgente,sintetico_v1,treino
msg_00598,Opa! O robô nunca perde dinheiro. Faça o depósito inicial e indique amigos para aumentar o retorno. Aguardo seu retorno.,alto,investimento_garantido,sintetico_v1,treino
msg_00600,Uma pesquisa não solicitada pede informações de contato para liberar um brinde. Tudo bem?,medio,pesquisa_com_premio,sintetico_v1,treino
msg_00601,"Oi! Acesse conta-pendente.example e informe usuário, senha e CPF para evitar a suspensão da conta! Qualquer dúvida, responda por aqui.",alto,phishing_credenciais,sintetico_v1,treino
msg_00602,"Olá, tudo certo? A apresentação ficou marcada para terça-feira às 11h. Qualquer dúvida, responda por aqui.",baixo,trabalho_estudo,sintetico_v1,treino
msg_00604,"Boa tarde! Para concluir a atualização, digite sua senha bancária completa e a data de nascimento. Obrigado.",alto,phishing_credenciais,sintetico_v1,treino
msg_00605,Olá! Você recebeu um documento para consultar no endereço confirmacao-imediata.example. Estamos aguardando sua confirmação. Aguardo seu retorno.,medio,link_nao_solicitado,sintetico_v1,treino
msg_00606,"Ei, tudo bem? Recebi o carregador do pedido 61973. A caixa chegou em boas condições. Confira quando puder.",baixo,entrega_esperada,sintetico_v1,treino
msg_00607,Boa tarde! Detectamos uma tentativa de acesso por um computador Windows. Verifique a atividade no link desta mensagem. Confira quando puder.,medio,acesso_incomum,sintetico_v1,treino
msg_00608,"Recebi uma dica exclusiva de investimento e posso incluir você, se responder ainda hoje!",medio,investimento_duvidoso,sintetico_v1,treino
msg_00610,Uma promoção reservada para seu número termina em poucas horas. Clique para conhecer as condições. Me avise quando puder.,medio,oferta_improvavel,sintetico_v1,treino
msg_00611,"Boa noite! O comprador pagou a mais por engano. Transfira R$ 120,00 imediatamente para uma terceira pessoa! Confira quando puder.",alto,fraude_marketplace,sintetico_v1,treino
msg_00613,"Confirmamos o cancelamento pedido por você. O estorno de R$ 42,00 aparecerá na próxima fatura. Confira quando puder.",baixo,suporte_solicitado,sintetico_v1,treino
msg_00615,Opa! A troca do casaco solicitada por você foi aprovada e não possui taxa adicional!,baixo,suporte_solicitado,sintetico_v1,treino
msg_00616,"Olá, tudo certo? Separei o teclado que você viu na loja. Pode passar aqui hoje. Obrigado.",baixo,compra_presencial,sintetico_v1,treino
msg_00617,Boa tarde! Enviei a versão atualizada do trabalho para o grupo da turma!,baixo,trabalho_estudo,sintetico_v1,treino
msg_00618,"Boa tarde! Há informações incompletas no seu perfil. Confirme os dados para evitar problemas futuros. Qualquer dúvida, responda por aqui.",medio,atualizacao_cadastral,sintetico_v1,treino
msg_00619,"Parabéns, você ganhou um carregador. Pague R$ 18,90 de taxa para receber o prêmio.",alto,premio_com_taxa,sintetico_v1,treino
msg_00620,"Olá! Invista R$ 480,00 hoje e receba o dobro amanhã, com lucro garantido e sem risco. Qualquer dúvida, responda por aqui.",alto,investimento_garantido,sintetico_v1,treino
msg_00621,Bom dia! Passei no mercado e já comprei o que estava na lista. Me avise quando puder! Obrigado.,baixo,conversa_cotidiana,sintetico_v1,treino
msg_00622,Boa noite! A reunião foi confirmada para hoje às 18h. Me avise quando puder. Aguardo seu retorno.,baixo,conversa_cotidiana,sintetico_v1,treino
msg_00623,Boa tarde! Sua compra de teclado será entregue sexta-feira. Não é necessário realizar pagamento adicional. Me avise quando puder.,baixo,entrega_esperada,sintetico_v1,treino
msg_00624,"Instale esta ferramenta de segurança fora da loja oficial e desative a proteção do aparelho. Qualquer dúvida, responda por aqui.",alto,acesso_remoto,sintetico_v1,treino
msg_00628,"Olá! Trabalho simples pelo celular, horários livres e pagamento diário. Peça as instruções.",medio,vaga_duvidosa,sintetico_v1,treino
msg_00629,"Boa noite! Enviei a versão atualizada do trabalho para o grupo da turma. Qualquer dúvida, me chama. Confira quando puder.",baixo,trabalho_estudo,sintetico_v1,treino
msg_00630,"Olá, tudo certo? Você pode trazer o caderno quando vier quarta-feira? Fico à disposição.",baixo,conversa_cotidiana,sintetico_v1,treino
msg_00632,Seu extrato mensal está disponível no site oficial digitado no navegador. Esta mensagem não contém link de acesso. Atenciosamente.,baixo,informativo_financeiro,sintetico_v1,treino
msg_00633,O pagamento do benefício depende de uma taxa via Pix para este atendente. Responda quando puder.,alto,beneficio_com_taxa,sintetico_v1,treino
msg_00637,Bom dia! Conheça uma oportunidade de investimento com retorno acima da média. Fale com nosso consultor. Confira quando puder.,medio,investimento_duvidoso,sintetico_v1,treino
msg_00638,"Boa tarde! Vou chegar às 11h. Se mudar alguma coisa, eu aviso por aqui. Me avise quando puder. Qualquer dúvida, responda por aqui.",baixo,conversa_cotidiana,sintetico_v1,treino
msg_00640,"Oi! A fatura fechou em R$ 480,00. Confira os lançamentos diretamente no aplicativo antes do vencimento. Responda quando puder.",baixo,informativo_financeiro,sintetico_v1,treino
msg_00641,Boa noite! Encontramos uma divergência no CEP da sua entrega. Confirme as informações ainda hoje. Confira quando puder.,medio,entrega_pendente,sintetico_v1,treino
msg_00643,"Olá, tudo certo? Preciso que faça um Pix de R$ 42,00 agora. Depois explico o motivo. Pode confirmar o recebimento?",alto,pix_urgente,sintetico_v1,treino
msg_00645,"Para bloquear uma operação de R$ 120,00, instale o aplicativo de segurança indicado pelo atendente. Obrigado.",alto,falso_banco,sintetico_v1,treino
msg_00646,"Boa tarde! Para corrigir a conta, compartilhe sua tela enquanto abre o aplicativo do banco! Qualquer dúvida, responda por aqui.",alto,acesso_remoto,sintetico_v1,treino
msg_00648,"Depois de nossa conversa, confio em você. Faça um empréstimo para me ajudar nesta emergência. Confira quando puder.",alto,fraude_romantica,sintetico_v1,treino
msg_00651,Lembrete de segurança: nunca informe sua senha ou código de verificação por mensagem. Consulte sempre o aplicativo oficial. Me avise quando puder.,baixo,aviso_seguranca,sintetico_v1,treino
msg_00652,Oi! O cadastro pode ficar limitado por falta de confirmação. Responda para receber as instruções. Responda quando puder.,medio,atualizacao_cadastral,sintetico_v1,treino
msg_00653,"Seu acordo só será mantido se o boleto de R$ 480,00 for pago nos próximos minutos. Fico à disposição.",alto,boleto_falso,sintetico_v1,treino
msg_00654,Temos uma vaga de trabalho remoto com início imediato. Não é necessário processo seletivo. Pode confirmar o recebimento?,medio,vaga_duvidosa,sintetico_v1,treino
msg_00655,"Bom dia! Pegue um empréstimo e invista conosco; o lucro certo pagará todas as parcelas. Qualquer dúvida, responda por aqui.",alto,investimento_garantido,sintetico_v1,treino
msg_00657,Oferta exclusiva: o casaco está com 80% de desconto somente hoje. Consulte entrega-atualiza.example! Fico à disposição.,medio,oferta_improvavel,sintetico_v1,treino
msg_00658,Boa noite! A leitura do QR Code gerou um número. Envie esse número ao atendente para liberar a conta! Tudo bem?,alto,codigo_verificacao,sintetico_v1,treino
msg_00659,Boa tarde! Estou falando em nome da empresa sobre uma solicitação no seu CPF. Fico à disposição.,medio,contato_desconhecido,sintetico_v1,treino
msg_00660,"Boa tarde! Sou Patrícia, troquei de número. Salva este contato para falarmos depois. Atenciosamente.",medio,contato_desconhecido,sintetico_v1,treino
msg_00661,"Opa! A divisão da conta ficou em R$ 18,90 para cada pessoa. Atenciosamente.",baixo,pagamento_conhecido,sintetico_v1,treino
msg_00662,O cadastro pode ficar limitado por falta de confirmação. Responda para receber as instruções.,medio,atualizacao_cadastral,sintetico_v1,treino
msg_00663,"Olá, tudo certo? Pai, este é meu contato novo. Preciso pagar uma conta urgente e depois devolvo o dinheiro! Fico à disposição.",alto,falso_familiar,sintetico_v1,treino
msg_00664,"Você foi aprovado para uma vaga à qual não se lembra de ter se candidatado. Confirme seu interesse. Qualquer dúvida, responda por aqui.",medio,vaga_duvidosa,sintetico_v1,treino
msg_00666,"Ei, tudo bem? O pedido 89206 com o livro saiu para entrega. Você já estava acompanhando pelo aplicativo. Fico à disposição.",baixo,entrega_esperada,sintetico_v1,treino
msg_00667,Sua conta está sob investigação. Envie uma foto do cartão e do documento para provar sua identidade. Fico à disposição.,alto,falso_banco,sintetico_v1,treino
msg_00668,"Bom dia! Sou eu, Diego. Meu celular quebrou; não liga agora. Transfira R$ 120,00 para esta chave! Tudo bem?",alto,falso_familiar,sintetico_v1,treino
msg_00670,"Opa! Vou chegar às 11h. Se mudar alguma coisa, eu aviso por aqui! Obrigado.",baixo,conversa_cotidiana,sintetico_v1,treino
msg_00671,"Ei, tudo bem? Identificamos uma cobrança de R$ 189,90 vinculada ao seu nome. Entre em contato para consultar. Pode confirmar o recebimento?",medio,cobranca_duvidosa,sintetico_v1,treino
msg_00673,"Conforme o chamado que você abriu, o atendimento está agendado para segunda-feira às 18h. Não enviaremos pedido de senha. Tudo bem?",baixo,suporte_solicitado,sintetico_v1,treino
msg_00674,"Oi! A nota fiscal da compra de R$ 250,00 foi entregue junto com o produto. Pode confirmar o recebimento?",baixo,compra_presencial,sintetico_v1,treino
msg_00675,"Um prêmio de R$ 50.000 está reservado, mas é necessário pagar o imposto antecipadamente. Tudo bem?",alto,premio_com_taxa,sintetico_v1,treino
msg_00676,"A compra de R$ 480,00 feita por você já aparece no histórico do cartão. Confira quando puder.",baixo,informativo_financeiro,sintetico_v1,treino
msg_00677,"Para cancelar a compra, preciso que você diga o token que apareceu no aplicativo. Pode confirmar o recebimento?",alto,codigo_verificacao,sintetico_v1,treino
msg_00679,Bom dia! Temos uma oportunidade com preço muito abaixo do mercado e entrega imediata! Fico à disposição.,medio,oferta_improvavel,sintetico_v1,treino
msg_00680,"Ei, tudo bem? Invista R$ 120,00 hoje e receba o dobro amanhã, com lucro garantido e sem risco. Qualquer dúvida, responda por aqui.",alto,investimento_garantido,sintetico_v1,treino
msg_00682,Acabei de enviar um código de seis dígitos para seu celular. Informe o código aqui para confirmar o atendimento. Aguardo seu retorno.,alto,codigo_verificacao,sintetico_v1,treino
msg_00683,"Olá, tudo certo? A recompensa expira hoje. Faça o depósito da taxa e envie o comprovante nesta conversa! Fico à disposição.",alto,premio_com_taxa,sintetico_v1,treino
msg_00684,"Ei, tudo bem? Não esqueça de levar o documento para a matrícula na empresa. Qualquer dúvida, responda por aqui.",baixo,lembrete_pessoal,sintetico_v1,treino
msg_00687,Boa noite! Passei no mercado e já comprei o que estava na lista! Confira quando puder.,baixo,conversa_cotidiana,sintetico_v1,treino
msg_00688,"Ei, tudo bem? O comprovante da transferência combinada está salvo no aplicativo. Não precisa clicar em nenhum link. Pode confirmar o recebimento?",baixo,pagamento_conhecido,sintetico_v1,treino
msg_00689,"Olá! Preciso que faça um Pix de R$ 120,00 agora. Depois explico o motivo. Confira quando puder.",alto,pix_urgente,sintetico_v1,treino
msg_00690,Bom dia! Mude os dados bancários do fornecedor e processe o pagamento antes da aprovação normal! Aguardo seu retorno.,alto,fraude_executivo,sintetico_v1,treino
msg_00691,Opa! Autorize o atendente a movimentar o cursor e não feche o aplicativo durante a transferência.,alto,acesso_remoto,sintetico_v1,treino
msg_00692,"Olá! Tiago, lembre-se da consulta segunda-feira às 18h. A clínica já confirmou por telefone. Responda quando puder.",baixo,lembrete_pessoal,sintetico_v1,treino
msg_00699,Olá! Seu pacote pode ser devolvido ao remetente. Verifique o status no link recebido nesta conversa! Obrigado.,medio,entrega_pendente,sintetico_v1,treino
msg_00703,Opa! O cadastro pode ficar limitado por falta de confirmação. Responda para receber as instruções. Confira quando puder.,medio,atualizacao_cadastral,sintetico_v1,treino
msg_00704,Último aviso: pague por esta chave desconhecida ou todos os seus dados serão divulgados. Tudo bem?,alto,ameaca_bloqueio,sintetico_v1,treino
msg_00706,"Você foi selecionado para comprar um tênis por R$ 250,00. A quantidade é limitada. Responda quando puder.",medio,oferta_improvavel,sintetico_v1,treino
msg_00708,"Olá! A nota fiscal da compra de R$ 120,00 foi entregue junto com o produto. Me avise quando puder.",baixo,compra_presencial,sintetico_v1,treino
msg_00709,"Ei, tudo bem? Fiz o Pix de R$ 42,00 referente à nossa compra combinada. Confira quando puder.",baixo,pagamento_conhecido,sintetico_v1,treino
msg_00711,Precisamos validar seu telefone e endereço para manter o serviço ativo. Tudo bem?,medio,atualizacao_cadastral,sintetico_v1,treino
msg_00712,Bom dia! Deposite a taxa do uniforme hoje e receba o contrato somente depois do pagamento. Confira quando puder.,alto,vaga_com_taxa,sintetico_v1,treino
msg_00715,"Oi! Acesse entrega-atualiza.example e informe usuário, senha e CPF para evitar a suspensão da conta.",alto,phishing_credenciais,sintetico_v1,treino
msg_00716,"Boa noite! O orçamento solicitado ficou em R$ 1.200,00. Você pode analisar sem compromisso. Fico à disposição.",baixo,compra_presencial,sintetico_v1,treino
msg_00717,Olá! Seu extrato mensal está disponível no canal oficial de atendimento. Esta mensagem não contém link de acesso. Me avise quando puder.,baixo,informativo_financeiro,sintetico_v1,treino
msg_00718,"Ei, tudo bem? A reserva está confirmada para sábado às 11h e o pagamento será feito no local. Tudo bem?",baixo,compra_presencial,sintetico_v1,treino
msg_00720,Opa! O pedido 61973 com o teclado saiu para entrega. Você já estava acompanhando pelo aplicativo. Fico à disposição.,baixo,entrega_esperada,sintetico_v1,treino
msg_00722,O robô nunca perde dinheiro. Faça o depósito inicial e indique amigos para aumentar o retorno. Pode confirmar o recebimento?,alto,investimento_garantido,sintetico_v1,treino
msg_00723,"Enviei um comprovante, mas você precisa devolver a diferença por Pix antes de conferir o saldo. Aguardo seu retorno.",alto,fraude_marketplace,sintetico_v1,treino
msg_00724,"Olá, tudo certo? Você foi aprovado para uma vaga à qual não se lembra de ter se candidatado. Confirme seu interesse. Responda quando puder.",medio,vaga_duvidosa,sintetico_v1,treino
msg_00727,Temos uma oportunidade com preço muito abaixo do mercado e entrega imediata!,medio,oferta_improvavel,sintetico_v1,treino
msg_00728,"Ei, tudo bem? Trabalho simples pelo celular, horários livres e pagamento diário. Peça as instruções. Qualquer dúvida, responda por aqui.",medio,vaga_duvidosa,sintetico_v1,treino
msg_00729,Sua encomenda não pôde ser entregue por dados incompletos. Atualize o endereço em premio-resgate.example. Aguardo seu retorno.,medio,entrega_pendente,sintetico_v1,treino
msg_00733,"Olá, tudo certo? O produto está disponível, mas confirme pessoalmente antes de efetuar qualquer pagamento. Me avise quando puder.",baixo,compra_presencial,sintetico_v1,treino
msg_00734,Seu acesso pelo iPhone foi confirmado no aplicativo que você abriu. Me avise quando puder.,baixo,recuperacao_solicitada,sintetico_v1,treino
msg_00736,"Para receber pela venda, informe número do cartão, senha e código de segurança. Atenciosamente.",alto,fraude_marketplace,sintetico_v1,treino
msg_00737,"Ei, tudo bem? Oferta exclusiva: o livro está com 80% de desconto somente hoje. Consulte confirmacao-imediata.example! Obrigado.",medio,oferta_improvavel,sintetico_v1,treino
msg_00739,"Seu banco não solicita transferência para cancelar uma compra. Em caso de dúvida, abra o telefone que está no cartão. Obrigado.",baixo,aviso_seguranca,sintetico_v1,treino
msg_00740,"Olá! a central bancária identificou uma fraude. Para cancelar a compra, faça uma transferência para a conta de segurança.",alto,falso_banco,sintetico_v1,treino
msg_00743,A atualização anual da conta está disponível por meio do link enviado. Tudo bem?,medio,atualizacao_cadastral,sintetico_v1,treino
msg_00744,"Recebemos uma solicitação de cobrança, mas precisamos confirmar se os dados estão corretos. Tudo bem?",medio,cobranca_duvidosa,sintetico_v1,treino
msg_00745,"Conforme o chamado que você abriu, o atendimento está agendado para sábado às 14h. Não enviaremos pedido de senha. Pode confirmar o recebimento?",baixo,suporte_solicitado,sintetico_v1,treino
msg_00746,Bom dia! Passei no mercado e já comprei o que estava na lista. Tudo bem?,baixo,conversa_cotidiana,sintetico_v1,treino
msg_00747,"Ei, tudo bem? A divisão da conta ficou em R$ 250,00 para cada pessoa. Tudo bem?",baixo,pagamento_conhecido,sintetico_v1,treino
msg_00748,"Olá, tudo certo? Recebi o pagamento de R$ 18,90 que você tinha avisado. Está tudo certo. Tudo bem?",baixo,pagamento_conhecido,sintetico_v1,treino
msg_00749,"Ei, tudo bem? A transferência precisa ser feita nos próximos minutos para resolver o problema. Me avise quando puder.",alto,pix_urgente,sintetico_v1,treino
msg_00751,Não esqueça de levar o documento para a matrícula na empresa. Tudo bem?,baixo,lembrete_pessoal,sintetico_v1,treino
msg_00752,Você iniciou uma recuperação de senha no aplicativo oficial. Digite o código somente na tela que você abriu e não o compartilhe. Obrigado.,baixo,recuperacao_solicitada,sintetico_v1,treino
msg_00753,"Boa tarde! Identificamos uma cobrança de R$ 250,00 vinculada ao seu nome. Entre em contato para consultar!",medio,cobranca_duvidosa,sintetico_v1,treino
msg_00754,"Enviei um comprovante, mas você precisa devolver a diferença por Pix antes de conferir o saldo! Pode confirmar o recebimento?",alto,fraude_marketplace,sintetico_v1,treino
msg_00755,Bom dia! Sou do atendimento e preciso validar algumas informações antes de continuar.,medio,contato_desconhecido,sintetico_v1,treino
msg_00756,"Precisamos validar seu telefone e endereço para manter o serviço ativo. Qualquer dúvida, responda por aqui.",medio,atualizacao_cadastral,sintetico_v1,treino
msg_00758,Opa! Você pode trazer o caderno quando vier terça-feira? Pode confirmar o recebimento?,baixo,conversa_cotidiana,sintetico_v1,treino
msg_00760,Bom dia! Há informações incompletas no seu perfil. Confirme os dados para evitar problemas futuros. Aguardo seu retorno.,medio,atualizacao_cadastral,sintetico_v1,treino
msg_00761,"Quero muito encontrar você, mas preciso de R$ 250,00 para comprar a passagem. Não conte a ninguém. Me avise quando puder.",alto,fraude_romantica,sintetico_v1,treino
msg_00762,"Sua opinião vale um cupom de R$ 480,00. Preencha o formulário enviado por mensagem. Fico à disposição.",medio,pesquisa_com_premio,sintetico_v1,treino
msg_00763,Encontramos uma divergência no CEP da sua entrega. Confirme as informações ainda hoje! Atenciosamente.,medio,entrega_pendente,sintetico_v1,treino
msg_00765,Bom dia! Você pode trazer o caderno quando vier sexta-feira? Tudo certo por aqui. Fico à disposição.,baixo,conversa_cotidiana,sintetico_v1,treino
msg_00766,Bom dia! Sua compra de teclado será entregue quarta-feira. Não é necessário realizar pagamento adicional! Tudo bem?,baixo,entrega_esperada,sintetico_v1,treino
msg_00767,Oi! Sua compra de teclado será entregue quarta-feira. Não é necessário realizar pagamento adicional. Responda quando puder.,baixo,entrega_esperada,sintetico_v1,treino
msg_00768,Oi! Uma empresa encontrou seu perfil e quer fazer a entrevista somente por mensagens! Confira quando puder.,medio,vaga_duvidosa,sintetico_v1,treino
msg_00769,Último aviso: pague por esta chave desconhecida ou todos os seus dados serão divulgados! Aguardo seu retorno.,alto,ameaca_bloqueio,sintetico_v1,treino
msg_00772,Opa! Um novo dispositivo tentou acessar sua conta. Confirme se reconhece o acesso.,medio,acesso_incomum,sintetico_v1,treino
msg_00774,O código de barras mudou por erro no sistema. Faça o pagamento para uma pessoa física. Pode confirmar o recebimento?,alto,boleto_falso,sintetico_v1,treino
msg_00776,Olá! Há informações incompletas no seu perfil. Confirme os dados para evitar problemas futuros. Pode confirmar o recebimento?,medio,atualizacao_cadastral,sintetico_v1,treino
msg_00777,"Oi! Trabalho simples pelo celular, horários livres e pagamento diário. Peça as instruções. Responda quando puder.",medio,vaga_duvidosa,sintetico_v1,treino
msg_00778,"Olá! Um prêmio de R$ 50.000 está reservado, mas é necessário pagar o imposto antecipadamente! Pode confirmar o recebimento?",alto,premio_com_taxa,sintetico_v1,treino
msg_00779,Olá! Deixei a chave com Rafael. Pode buscar terça-feira às 11h. Responda quando puder.,baixo,lembrete_pessoal,sintetico_v1,treino
msg_00780,Você foi aprovado para uma vaga à qual não se lembra de ter se candidatado. Confirme seu interesse. Me avise quando puder.,medio,vaga_duvidosa,sintetico_v1,treino
msg_00781,Opa! Você foi aprovado para uma vaga à qual não se lembra de ter se candidatado. Confirme seu interesse. Pode confirmar o recebimento?,medio,vaga_duvidosa,sintetico_v1,treino
msg_00782,"Enviei um comprovante, mas você precisa devolver a diferença por Pix antes de conferir o saldo. Confira quando puder.",alto,fraude_marketplace,sintetico_v1,treino
msg_00783,"Ei, tudo bem? Estou falando em nome da empresa sobre uma solicitação no seu CPF. Responda quando puder.",medio,contato_desconhecido,sintetico_v1,treino
msg_00784,"Opa! Você foi convidado para avaliar nosso atendimento e poderá receber uma recompensa. Qualquer dúvida, responda por aqui.",medio,pesquisa_com_premio,sintetico_v1,treino
msg_00785,A empresa exige pagamento antecipado para cadastrar seu salário e confirmar a contratação. Tudo bem?,alto,vaga_com_taxa,sintetico_v1,treino
msg_00786,Boa noite! O professor colocou as orientações da atividade no portal da faculdade!,baixo,trabalho_estudo,sintetico_v1,treino
msg_00787,Boa tarde! O acesso foi limitado. Envie seus dados de login nesta conversa para liberar novamente. Obrigado.,alto,phishing_credenciais,sintetico_v1,treino
msg_00788,Seu CPF pode ter uma pendência financeira. Consulte as condições no endereço enviado.,medio,cobranca_duvidosa,sintetico_v1,treino
msg_00789,Olá! Uma empresa encontrou seu perfil e quer fazer a entrevista somente por mensagens. Pode confirmar o recebimento?,medio,vaga_duvidosa,sintetico_v1,treino
msg_00790,"Ei, tudo bem? O pagamento do benefício depende de uma taxa via Pix para este atendente. Atenciosamente.",alto,beneficio_com_taxa,sintetico_v1,treino
msg_00791,"Olá, tudo certo? Sou o diretor e estou em reunião. Faça um Pix de R$ 75,50 para este fornecedor novo sem avisar a equipe. Responda quando puder.",alto,fraude_executivo,sintetico_v1,treino
msg_00793,Temos uma oportunidade com preço muito abaixo do mercado e entrega imediata. Aguardo seu retorno.,medio,oferta_improvavel,sintetico_v1,treino
msg_00794,Boa noite! Encontramos uma pendência no seu cadastro. Veja os detalhes em premio-resgate.example. O acesso ficará disponível por algumas horas. Confira quando puder.,medio,link_nao_solicitado,sintetico_v1,treino
msg_00796,"Olá! Sou eu, Tiago. Meu celular quebrou; não liga agora. Transfira R$ 250,00 para esta chave! Pode confirmar o recebimento?",alto,falso_familiar,sintetico_v1,treino
msg_00797,"Oi! Se receber uma cobrança inesperada, confirme diretamente pelo site oficial digitado no navegador antes de pagar.",baixo,aviso_seguranca,sintetico_v1,treino
msg_00798,"Ei, tudo bem? Encontramos uma pendência no seu cadastro. Veja os detalhes em suporte-verificacao.example. Estamos aguardando sua confirmação. Tudo bem?",medio,link_nao_solicitado,sintetico_v1,treino
msg_00800,Bom dia! Você foi convidado para avaliar nosso atendimento e poderá receber uma recompensa. Me avise quando puder.,medio,pesquisa_com_premio,sintetico_v1,treino
msg_00802,"Boa tarde! Não consigo falar por telefone. Mande R$ 120,00 por Pix e não avise mais ninguém! Fico à disposição.",alto,pix_urgente,sintetico_v1,treino
msg_00803,"Boa tarde! Para cancelar a compra, preciso que você diga o token que apareceu no aplicativo. Pode confirmar o recebimento?",alto,codigo_verificacao,sintetico_v1,treino
msg_00804,"Olá, tudo certo? Você consegue conferir os slides e deixar seus comentários até no fim da tarde? Não precisa responder agora. Obrigado.",baixo,trabalho_estudo,sintetico_v1,treino
msg_00805,Boa noite! Existe um débito pendente com vencimento quarta-feira. A origem não foi informada nesta mensagem.,medio,cobranca_duvidosa,sintetico_v1,treino
msg_00806,Oi! Instale o aplicativo de acesso remoto e informe o código da tela para remover o vírus do seu celular. Tudo bem?,alto,acesso_remoto,sintetico_v1,treino
msg_00807,"Ei, tudo bem? Você consegue conferir os slides e deixar seus comentários até depois do almoço? Qualquer dúvida, me chama. Obrigado.",baixo,trabalho_estudo,sintetico_v1,treino
msg_00809,Olá! Sua compra de casaco será entregue sábado. Não é necessário realizar pagamento adicional. Pode confirmar o recebimento?,baixo,entrega_esperada,sintetico_v1,treino
msg_00812,Seus dados cadastrais precisam ser atualizados. Inicie a revisão em conta-pendente.example! Fico à disposição.,medio,atualizacao_cadastral,sintetico_v1,treino
msg_00813,Olá! Seu protocolo 74518 foi atualizado. Consulte o andamento pelo telefone que está no cartão! Obrigado.,baixo,suporte_solicitado,sintetico_v1,treino
msg_00814,"Bom dia! O banco informa que não existe taxa para liberar estorno ou cancelar transferência. Qualquer dúvida, responda por aqui.",baixo,informativo_financeiro,sintetico_v1,treino
msg_00815,"Ei, tudo bem? Seu banco não solicita transferência para cancelar uma compra. Em caso de dúvida, abra o site oficial digitado no navegador. Responda quando puder.",baixo,aviso_seguranca,sintetico_v1,treino
msg_00816,"Oi! A equipe vai revisar o documento quarta-feira antes da reunião. Qualquer dúvida, me chama. Fico à disposição.",baixo,trabalho_estudo,sintetico_v1,treino
msg_00819,Bom dia! Um grupo privado está ensinando uma estratégia que promete resultados rápidos no mercado financeiro. Tudo bem?,medio,investimento_duvidoso,sintetico_v1,treino
msg_00820,Oi! Acabei de enviar um código de seis dígitos para seu celular. Informe o código aqui para confirmar o atendimento. Aguardo seu retorno.,alto,codigo_verificacao,sintetico_v1,treino
msg_00821,O pagamento do benefício depende de uma taxa via Pix para este atendente. Atenciosamente.,alto,beneficio_com_taxa,sintetico_v1,treino
msg_00822,"Bom dia! Sua compra de relógio será entregue segunda-feira. Não é necessário realizar pagamento adicional! Qualquer dúvida, responda por aqui.",baixo,entrega_esperada,sintetico_v1,treino
msg_00823,Opa! A reunião foi confirmada para segunda-feira às 8h. Tudo certo por aqui. Responda quando puder.,baixo,conversa_cotidiana,sintetico_v1,treino
msg_00824,"Desconto especial liberado sem que você tenha feito cadastro. Confirme se deseja receber a oferta. Qualquer dúvida, responda por aqui.",medio,oferta_improvavel,sintetico_v1,treino
msg_00825,"Oi! A fatura fechou em R$ 1.200,00. Confira os lançamentos diretamente no aplicativo antes do vencimento. Pode confirmar o recebimento?",baixo,informativo_financeiro,sintetico_v1,treino
msg_00826,Detectamos uma tentativa de acesso por um celular Android. Verifique a atividade no link desta mensagem. Atenciosamente.,medio,acesso_incomum,sintetico_v1,treino
msg_00828,"Ei, tudo bem? Seu pacote pode ser devolvido ao remetente. Verifique o status no link recebido nesta conversa. Atenciosamente.",medio,entrega_pendente,sintetico_v1,treino
msg_00829,"Recebi uma dica exclusiva de investimento e posso incluir você, se responder ainda hoje! Confira quando puder.",medio,investimento_duvidoso,sintetico_v1,treino
msg_00830,"Olá! Peguei seu contato com um conhecido, mas prefiro explicar o assunto por mensagem. Me avise quando puder.",medio,contato_desconhecido,sintetico_v1,treino
msg_00831,Oi! Pegue um empréstimo e invista conosco; o lucro certo pagará todas as parcelas. Aguardo seu retorno.,alto,investimento_garantido,sintetico_v1,treino
msg_00833,"Recebemos várias tentativas de entrada. A mensagem pede confirmação, mas não informa o canal oficial!",medio,acesso_incomum,sintetico_v1,treino
msg_00834,"Olá, tudo certo? Passei no mercado e já comprei o que estava na lista. Obrigado! Qualquer dúvida, responda por aqui.",baixo,conversa_cotidiana,sintetico_v1,treino
msg_00835,"Olá, tudo certo? Deixei a chave com Larissa. Pode buscar sexta-feira às 16h30. Qualquer dúvida, responda por aqui.",baixo,lembrete_pessoal,sintetico_v1,treino
msg_00836,"Ei, tudo bem? Um grupo privado está ensinando uma estratégia que promete resultados rápidos no mercado financeiro! Confira quando puder.",medio,investimento_duvidoso,sintetico_v1,treino
msg_00837,Opa! Há um valor público disponível no seu CPF. Informe a senha bancária para receber. Aguardo seu retorno.,alto,beneficio_com_taxa,sintetico_v1,treino
msg_00838,"Ei, tudo bem? Seu acordo só será mantido se o boleto de R$ 75,50 for pago nos próximos minutos.",alto,boleto_falso,sintetico_v1,treino
msg_00839,Oi! Você recebeu um documento para consultar no endereço confirmacao-imediata.example. O acesso ficará disponível por algumas horas. Fico à disposição.,medio,link_nao_solicitado,sintetico_v1,treino
msg_00840,Opa! Detectamos uma tentativa de acesso por um iPhone. Verifique a atividade no link desta mensagem. Fico à disposição.,medio,acesso_incomum,sintetico_v1,treino
msg_00841,Bom dia! Temos um assunto particular para tratar com você. Confirme se este número é seu. Fico à disposição.,medio,contato_desconhecido,sintetico_v1,treino
msg_00842,"Olá, tudo certo? Se receber uma cobrança inesperada, confirme diretamente pelo canal oficial de atendimento antes de pagar. Obrigado.",baixo,aviso_seguranca,sintetico_v1,treino
msg_00843,Boa noite! Você recebeu um documento para consultar no endereço suporte-verificacao.example. Estamos aguardando sua confirmação. Obrigado.,medio,link_nao_solicitado,sintetico_v1,treino
msg_00844,"Ei, tudo bem? Conforme o chamado que você abriu, o atendimento está agendado para hoje às 9h30. Não enviaremos pedido de senha!",baixo,suporte_solicitado,sintetico_v1,treino
msg_00845,"Existe um débito pendente com vencimento quarta-feira. A origem não foi informada nesta mensagem. Qualquer dúvida, responda por aqui.",medio,cobranca_duvidosa,sintetico_v1,treino
msg_00846,Boa noite! Houve uma alteração nas configurações da conta. Consulte o atendimento caso não reconheça. Confira quando puder.,medio,acesso_incomum,sintetico_v1,treino
msg_00849,"Ei, tudo bem? Sua opinião vale um cupom de R$ 250,00. Preencha o formulário enviado por mensagem.",medio,pesquisa_com_premio,sintetico_v1,treino
msg_00850,"Existe um débito pendente com vencimento segunda-feira. A origem não foi informada nesta mensagem. Qualquer dúvida, responda por aqui.",medio,cobranca_duvidosa,sintetico_v1,treino
msg_00851,Desconto especial liberado sem que você tenha feito cadastro. Confirme se deseja receber a oferta.,medio,oferta_improvavel,sintetico_v1,treino
msg_00852,"O setor antifraude solicita um Pix de teste, que será devolvido após a verificação.",alto,falso_banco,sintetico_v1,treino
msg_00853,Boa noite! Sou do atendimento e preciso validar algumas informações antes de continuar! Aguardo seu retorno.,medio,contato_desconhecido,sintetico_v1,treino
msg_00855,Participe de um questionário e desbloqueie uma oferta especial no final. Tudo bem?,medio,pesquisa_com_premio,sintetico_v1,treino
msg_00856,Boa noite! A recompensa expira hoje. Faça o depósito da taxa e envie o comprovante nesta conversa. Aguardo seu retorno.,alto,premio_com_taxa,sintetico_v1,treino
msg_00857,Precisamos validar seu telefone e endereço para manter o serviço ativo. Pode confirmar o recebimento?,medio,atualizacao_cadastral,sintetico_v1,treino
msg_00858,"Bom dia! A alteração de senha solicitada por você foi concluída. Se não reconhecer, entre no site oficial digitado no navegador sem usar links da mensagem. Confira quando puder.",baixo,recuperacao_solicitada,sintetico_v1,treino
msg_00859,"O comprador pagou a mais por engano. Transfira R$ 480,00 imediatamente para uma terceira pessoa. Qualquer dúvida, responda por aqui.",alto,fraude_marketplace,sintetico_v1,treino
msg_00862,"Oi! A nota fiscal da compra de R$ 18,90 foi entregue junto com o produto. Obrigado.",baixo,compra_presencial,sintetico_v1,treino
msg_00863,"Bom dia! Seu acordo só será mantido se o boleto de R$ 42,00 for pago nos próximos minutos.",alto,boleto_falso,sintetico_v1,treino
msg_00864,Não esqueça de levar o documento para a matrícula na loja. Atenciosamente.,baixo,lembrete_pessoal,sintetico_v1,treino
msg_00865,Estou no exterior e minha conta foi bloqueada. Envie dinheiro para um conhecido até eu voltar. Responda quando puder.,alto,fraude_romantica,sintetico_v1,treino
msg_00866,"Bom dia! Sou João, troquei de número. Salva este contato para falarmos depois. Qualquer dúvida, responda por aqui.",medio,contato_desconhecido,sintetico_v1,treino
msg_00867,Seus dados cadastrais precisam ser atualizados. Inicie a revisão em premio-resgate.example. Fico à disposição.,medio,atualizacao_cadastral,sintetico_v1,treino
msg_00868,"Olá, tudo certo? O código de acesso foi enviado porque você pediu. Nenhum atendente solicitará esse código por telefone ou conversa. Atenciosamente.",baixo,recuperacao_solicitada,sintetico_v1,treino
msg_00869,"Olá! Há uma atualização disponível para sua conta em suporte-verificacao.example. Caso já tenha resolvido, ignore. Fico à disposição.",medio,link_nao_solicitado,sintetico_v1,treino
msg_00870,Oi! Último aviso: pague por esta chave desconhecida ou todos os seus dados serão divulgados! Tudo bem?,alto,ameaca_bloqueio,sintetico_v1,treino
msg_00871,Boa tarde! O cadastro pode ficar limitado por falta de confirmação. Responda para receber as instruções. Atenciosamente.,medio,atualizacao_cadastral,sintetico_v1,treino
msg_00872,Oi! Você foi convidado para avaliar nosso atendimento e poderá receber uma recompensa! Tudo bem?,medio,pesquisa_com_premio,sintetico_v1,treino
msg_00875,"Bom dia! O orçamento solicitado ficou em R$ 120,00. Você pode analisar sem compromisso. Atenciosamente.",baixo,compra_presencial,sintetico_v1,treino
msg_00877,Bom dia! Participe de um questionário e desbloqueie uma oferta especial no final.,medio,pesquisa_com_premio,sintetico_v1,treino
msg_00879,Desconsidere a cobrança original e use este QR Code para quitar a parcela imediatamente. Obrigado.,alto,boleto_falso,sintetico_v1,treino
msg_00880,Opa! O pedido 46722 com o fone de ouvido saiu para entrega. Você já estava acompanhando pelo aplicativo! Tudo bem?,baixo,entrega_esperada,sintetico_v1,treino
msg_00881,Seu acesso pelo notebook foi confirmado no aplicativo que você abriu. Me avise quando puder.,baixo,recuperacao_solicitada,sintetico_v1,treino
msg_00883,Oi! Encontramos uma pendência no seu cadastro. Veja os detalhes em entrega-atualiza.example. Estamos aguardando sua confirmação! Atenciosamente.,medio,link_nao_solicitado,sintetico_v1,treino
msg_00884,Oi! Encontramos uma divergência no CEP da sua entrega. Confirme as informações ainda hoje. Responda quando puder.,medio,entrega_pendente,sintetico_v1,treino
msg_00885,"Comece investindo R$ 1.200,00 e acompanhe os resultados pelo grupo de mensagens. Qualquer dúvida, responda por aqui.",medio,investimento_duvidoso,sintetico_v1,treino
msg_00886,"Para bloquear uma operação de R$ 250,00, instale o aplicativo de segurança indicado pelo atendente! Me avise quando puder.",alto,falso_banco,sintetico_v1,treino
msg_00887,"Oi! Trabalho simples pelo celular, horários livres e pagamento diário. Peça as instruções. Confira quando puder.",medio,vaga_duvidosa,sintetico_v1,treino
msg_00889,"Seu acordo só será mantido se o boleto de R$ 18,90 for pago nos próximos minutos! Me avise quando puder.",alto,boleto_falso,sintetico_v1,treino
msg_00890,Instale esta ferramenta de segurança fora da loja oficial e desative a proteção do aparelho. Confira quando puder.,alto,acesso_remoto,sintetico_v1,treino
msg_00891,A empresa exige pagamento antecipado para cadastrar seu salário e confirmar a contratação.,alto,vaga_com_taxa,sintetico_v1,treino
msg_00892,O prazo para sacar o reembolso tributário termina hoje. Faça o depósito de validação agora! Aguardo seu retorno.,alto,beneficio_com_taxa,sintetico_v1,treino
msg_00893,"Opa! O comprador pagou a mais por engano. Transfira R$ 75,50 imediatamente para uma terceira pessoa. Qualquer dúvida, responda por aqui.",alto,fraude_marketplace,sintetico_v1,treino
msg_00894,"Bom dia! Acesse conta-pendente.example e informe usuário, senha e CPF para evitar a suspensão da conta. Pode confirmar o recebimento?",alto,phishing_credenciais,sintetico_v1,treino
msg_00895,Olá! Deixei a chave com Helena. Pode buscar sábado às 16h30.,baixo,lembrete_pessoal,sintetico_v1,treino
msg_00897,Oi! Você consegue me encontrar na sala de estudos amanhã às 9h30? Obrigado! Atenciosamente.,baixo,conversa_cotidiana,sintetico_v1,treino
msg_00898,Opa! Houve uma alteração nas configurações da conta. Consulte o atendimento caso não reconheça. Fico à disposição.,medio,acesso_incomum,sintetico_v1,treino
msg_00899,O pedido 74518 está parado no centro de distribuição. Consulte a pendência em conta-pendente.example. Tudo bem?,medio,entrega_pendente,sintetico_v1,treino
msg_00900,Há informações incompletas no seu perfil. Confirme os dados para evitar problemas futuros! Confira quando puder.,medio,atualizacao_cadastral,sintetico_v1,treino
msg_00901,"Oi! Recebi o pagamento de R$ 480,00 que você tinha avisado. Está tudo certo. Aguardo seu retorno.",baixo,pagamento_conhecido,sintetico_v1,treino
msg_00902,"Bom dia! A entrega que combinamos foi reagendada para hoje depois do almoço. Qualquer dúvida, responda por aqui.",baixo,entrega_esperada,sintetico_v1,treino
msg_00903,"Olá! O professor colocou as orientações da atividade no portal da faculdade. Qualquer dúvida, me chama! Me avise quando puder.",baixo,trabalho_estudo,sintetico_v1,treino
msg_00906,Boa tarde! Houve uma alteração nas configurações da conta. Consulte o atendimento caso não reconheça.,medio,acesso_incomum,sintetico_v1,treino
msg_00910,"Pai, este é meu contato novo. Preciso pagar uma conta urgente e depois devolvo o dinheiro. Me avise quando puder.",alto,falso_familiar,sintetico_v1,treino
msg_00911,"Opa! Meu aplicativo travou e preciso pagar uma conta urgente. Transfira R$ 480,00 para esta chave nova. Pode confirmar o recebimento?",alto,pix_urgente,sintetico_v1,treino
msg_00912,"Ei, tudo bem? O boleto anterior foi cancelado. Pague somente o novo código enviado por este número desconhecido. Aguardo seu retorno.",alto,boleto_falso,sintetico_v1,treino
msg_00913,"Boa tarde! Não consigo falar por telefone. Mande R$ 42,00 por Pix e não avise mais ninguém. Aguardo seu retorno.",alto,pix_urgente,sintetico_v1,treino
msg_00918,Detectamos uma tentativa de acesso por um notebook. Verifique a atividade no link desta mensagem. Responda quando puder.,medio,acesso_incomum,sintetico_v1,treino
msg_00921,"Entre no link e valide número do cartão, código de segurança e senha eletrônica!",alto,phishing_credenciais,sintetico_v1,treino
msg_00922,"Seu currículo foi selecionado para uma oportunidade de R$ 42,00 por semana. Responda para saber mais. Me avise quando puder.",medio,vaga_duvidosa,sintetico_v1,treino
msg_00924,A recompensa expira hoje. Faça o depósito da taxa e envie o comprovante nesta conversa. Responda quando puder.,alto,premio_com_taxa,sintetico_v1,treino
msg_00925,"Olá, tudo certo? Para corrigir a conta, compartilhe sua tela enquanto abre o aplicativo do banco. Fico à disposição.",alto,acesso_remoto,sintetico_v1,treino
msg_00926,"Deixei a chave com Carla. Pode buscar segunda-feira às 14h. Qualquer dúvida, responda por aqui.",baixo,lembrete_pessoal,sintetico_v1,treino
msg_00927,"Ei, tudo bem? A recompensa expira hoje. Faça o depósito da taxa e envie o comprovante nesta conversa. Qualquer dúvida, responda por aqui.",alto,premio_com_taxa,sintetico_v1,treino
msg_00929,Olá! A transferência precisa ser feita nos próximos minutos para resolver o problema! Atenciosamente.,alto,pix_urgente,sintetico_v1,treino
msg_00930,O pagamento do benefício depende de uma taxa via Pix para este atendente. Obrigado.,alto,beneficio_com_taxa,sintetico_v1,treino
msg_00931,Bom dia! Estou no exterior e minha conta foi bloqueada. Envie dinheiro para um conhecido até eu voltar. Obrigado.,alto,fraude_romantica,sintetico_v1,treino
msg_00934,Sua conta será encerrada em dez minutos. Envie a senha para impedir o bloqueio. Pode confirmar o recebimento?,alto,ameaca_bloqueio,sintetico_v1,treino
msg_00935,Um novo dispositivo tentou acessar sua conta. Confirme se reconhece o acesso. Tudo bem?,medio,acesso_incomum,sintetico_v1,treino
msg_00937,Olá! Temos uma oportunidade com preço muito abaixo do mercado e entrega imediata. Aguardo seu retorno.,medio,oferta_improvavel,sintetico_v1,treino
msg_00938,Bom dia! O cadastro pode ficar limitado por falta de confirmação. Responda para receber as instruções. Responda quando puder.,medio,atualizacao_cadastral,sintetico_v1,treino
msg_00939,O investimento apresentou variação neste mês; rentabilidade passada não garante retorno futuro. Fico à disposição.,baixo,informativo_financeiro,sintetico_v1,treino
msg_00940,Conheça uma oportunidade de investimento com retorno acima da média. Fale com nosso consultor. Aguardo seu retorno.,medio,investimento_duvidoso,sintetico_v1,treino
msg_00941,"Boa tarde! A compra de R$ 75,50 feita por você já aparece no histórico do cartão. Atenciosamente.",baixo,informativo_financeiro,sintetico_v1,treino
msg_00943,Bom dia! Temos poucas vagas para uma operação de investimento automatizada! Pode confirmar o recebimento?,medio,investimento_duvidoso,sintetico_v1,treino
msg_00944,"A verificação em duas etapas foi ativada por você. Guarde os códigos de recuperação em local seguro. Qualquer dúvida, responda por aqui.",baixo,recuperacao_solicitada,sintetico_v1,treino
msg_00945,"Olá, tudo certo? A reunião foi confirmada para hoje às 14h. Qualquer dúvida, responda por aqui.",baixo,conversa_cotidiana,sintetico_v1,treino
msg_00946,Boa tarde! O professor colocou as orientações da atividade no portal da faculdade. Não precisa responder agora. Fico à disposição.,baixo,trabalho_estudo,sintetico_v1,treino
msg_00947,Existe um débito pendente com vencimento terça-feira. A origem não foi informada nesta mensagem! Tudo bem?,medio,cobranca_duvidosa,sintetico_v1,treino
msg_00952,"Se receber uma cobrança inesperada, confirme diretamente pelo aplicativo oficial antes de pagar. Pode confirmar o recebimento?",baixo,aviso_seguranca,sintetico_v1,treino
msg_00954,Oi! Você consegue conferir os slides e deixar seus comentários até depois do almoço? Depois conversamos sobre os ajustes. Aguardo seu retorno.,baixo,trabalho_estudo,sintetico_v1,treino
msg_00955,Boa tarde! Seu número foi sorteado. Envie um Pix de liberação antes de resgatar o valor. Pode confirmar o recebimento?,alto,premio_com_taxa,sintetico_v1,treino
msg_00956,"Boa noite! A alteração de senha solicitada por você foi concluída. Se não reconhecer, entre no site oficial digitado no navegador sem usar links da mensagem! Me avise quando puder.",baixo,recuperacao_solicitada,sintetico_v1,treino
msg_00957,"Olá, tudo certo? Houve uma alteração nas configurações da conta. Consulte o atendimento caso não reconheça. Obrigado.",medio,acesso_incomum,sintetico_v1,treino
msg_00958,Seu protocolo 46722 foi atualizado. Consulte o andamento pelo aplicativo oficial. Fico à disposição.,baixo,suporte_solicitado,sintetico_v1,treino
msg_00960,"Oi! Você recebeu um documento para consultar no endereço suporte-verificacao.example. Estamos aguardando sua confirmação. Qualquer dúvida, responda por aqui.",medio,link_nao_solicitado,sintetico_v1,treino
msg_00961,"Pai, este é meu contato novo. Preciso pagar uma conta urgente e depois devolvo o dinheiro! Qualquer dúvida, responda por aqui.",alto,falso_familiar,sintetico_v1,treino
msg_00962,"Boa tarde! Uma pesquisa não solicitada pede informações de contato para liberar um brinde. Qualquer dúvida, responda por aqui.",medio,pesquisa_com_premio,sintetico_v1,treino
msg_00965,"Olá! Meu aplicativo travou e preciso pagar uma conta urgente. Transfira R$ 18,90 para esta chave nova. Pode confirmar o recebimento?",alto,pix_urgente,sintetico_v1,treino
msg_00966,"Para receber pela venda, informe número do cartão, senha e código de segurança. Tudo bem?",alto,fraude_marketplace,sintetico_v1,treino
msg_00967,"Depois de nossa conversa, confio em você. Faça um empréstimo para me ajudar nesta emergência! Responda quando puder.",alto,fraude_romantica,sintetico_v1,treino
msg_00970,O banco informa que não existe taxa para liberar estorno ou cancelar transferência.,baixo,informativo_financeiro,sintetico_v1,treino
msg_00971,"Ei, tudo bem? Desconsidere a cobrança original e use este QR Code para quitar a parcela imediatamente. Responda quando puder.",alto,boleto_falso,sintetico_v1,treino
msg_00973,"Olá! O suporte encerrou o chamado. Caso o problema continue, responda pelo canal em que você iniciou o atendimento! Obrigado.",baixo,suporte_solicitado,sintetico_v1,treino
msg_00977,"Bom dia! Sou Diego, troquei de número. Salva este contato para falarmos depois. Qualquer dúvida, responda por aqui.",medio,contato_desconhecido,sintetico_v1,treino
msg_00978,Responda a uma pesquisa rápida e concorra a um teclado. Acesse conta-pendente.example. Tudo bem?,medio,pesquisa_com_premio,sintetico_v1,treino
msg_00980,Bom dia! Acesse suporte-verificacao.example para conferir uma informação importante. Estamos aguardando sua confirmação! Atenciosamente.,medio,link_nao_solicitado,sintetico_v1,treino
msg_00981,Sua sessão pode ter expirado. Faça uma nova validação para continuar utilizando o serviço.,medio,acesso_incomum,sintetico_v1,treino
msg_00982,Você iniciou uma recuperação de senha no canal oficial de atendimento. Digite o código somente na tela que você abriu e não o compartilhe! Me avise quando puder.,baixo,recuperacao_solicitada,sintetico_v1,treino
msg_00984,"Oi! Invista R$ 480,00 hoje e receba o dobro amanhã, com lucro garantido e sem risco. Atenciosamente.",alto,investimento_garantido,sintetico_v1,treino
msg_00985,"Sou eu, Bruno. Meu celular quebrou; não liga agora. Transfira R$ 250,00 para esta chave.",alto,falso_familiar,sintetico_v1,treino
msg_00986,Olá! O comprovante da transferência combinada está salvo no aplicativo. Não precisa clicar em nenhum link! Fico à disposição.,baixo,pagamento_conhecido,sintetico_v1,treino
msg_00988,"Conforme o chamado que você abriu, o atendimento está agendado para sexta-feira às 18h. Não enviaremos pedido de senha. Me avise quando puder.",baixo,suporte_solicitado,sintetico_v1,treino
msg_00989,"Olá! Seus dados cadastrais precisam ser atualizados. Inicie a revisão em suporte-verificacao.example. Qualquer dúvida, responda por aqui.",medio,atualizacao_cadastral,sintetico_v1,treino
msg_00990,Sua conta está sob investigação. Envie uma foto do cartão e do documento para provar sua identidade. Atenciosamente.,alto,falso_banco,sintetico_v1,treino
msg_00991,O robô nunca perde dinheiro. Faça o depósito inicial e indique amigos para aumentar o retorno. Confira quando puder.,alto,investimento_garantido,sintetico_v1,treino
msg_00993,Seu extrato mensal está disponível no site oficial digitado no navegador. Esta mensagem não contém link de acesso. Fico à disposição.,baixo,informativo_financeiro,sintetico_v1,treino
msg_00995,"Olá, tudo certo? Acesse conta-pendente.example para conferir uma informação importante. Obrigado.",medio,link_nao_solicitado,sintetico_v1,treino
msg_00996,Opa! Você consegue me encontrar na empresa sábado às 14h? Atenciosamente.,baixo,conversa_cotidiana,sintetico_v1,treino
msg_00999,Responda a uma pesquisa rápida e concorra a um fone de ouvido. Acesse premio-resgate.example. Me avise quando puder.,medio,pesquisa_com_premio,sintetico_v1,treino
msg_01000,"Boa tarde! Entre no link e valide número do cartão, código de segurança e senha eletrônica. Tudo bem?",alto,phishing_credenciais,sintetico_v1,treino
msg_01002,Boa noite! Encontramos uma pendência no seu cadastro. Veja os detalhes em suporte-verificacao.example. Estamos aguardando sua confirmação. Responda quando puder.,medio,link_nao_solicitado,sintetico_v1,treino
msg_01003,"Um prêmio de R$ 50.000 está reservado, mas é necessário pagar o imposto antecipadamente. Pode confirmar o recebimento?",alto,premio_com_taxa,sintetico_v1,treino
msg_01004,"Parabéns, você ganhou um casaco. Pague R$ 250,00 de taxa para receber o prêmio. Me avise quando puder.",alto,premio_com_taxa,sintetico_v1,treino
msg_01005,"Boa noite! Você tem um reembolso a receber. Envie foto do documento, cartão e senha. Responda quando puder.",alto,beneficio_com_taxa,sintetico_v1,treino
msg_01007,Desconsidere a cobrança original e use este QR Code para quitar a parcela imediatamente. Fico à disposição.,alto,boleto_falso,sintetico_v1,treino
msg_01011,"Ei, tudo bem? Passei no mercado e já comprei o que estava na lista. Qualquer dúvida, responda por aqui.",baixo,conversa_cotidiana,sintetico_v1,treino
msg_01013,"Boa noite! Um funcionário ligará para recolher seu cartão e pedirá a senha para concluir o cancelamento. Qualquer dúvida, responda por aqui.",alto,falso_banco,sintetico_v1,treino
msg_01015,"Encontramos uma divergência no CEP da sua entrega. Confirme as informações ainda hoje. Qualquer dúvida, responda por aqui.",medio,entrega_pendente,sintetico_v1,treino
msg_01016,"Para concluir a atualização, digite sua senha bancária completa e a data de nascimento. Confira quando puder.",alto,phishing_credenciais,sintetico_v1,treino
msg_01017,"Boa noite! Você foi selecionado para comprar um carregador por R$ 189,90. A quantidade é limitada. Confira quando puder.",medio,oferta_improvavel,sintetico_v1,treino
msg_01018,"Bom dia! Peguei seu contato com um conhecido, mas prefiro explicar o assunto por mensagem!",medio,contato_desconhecido,sintetico_v1,treino
msg_01020,"Boa tarde! Acesse confirmacao-imediata.example e informe usuário, senha e CPF para evitar a suspensão da conta. Atenciosamente.",alto,phishing_credenciais,sintetico_v1,treino
msg_01021,Bom dia! Mude os dados bancários do fornecedor e processe o pagamento antes da aprovação normal! Responda quando puder.,alto,fraude_executivo,sintetico_v1,treino
msg_01022,Opa! O pedido 46722 com o teclado saiu para entrega. Você já estava acompanhando pelo aplicativo.,baixo,entrega_esperada,sintetico_v1,treino
msg_01024,"Enviei um comprovante, mas você precisa devolver a diferença por Pix antes de conferir o saldo. Atenciosamente.",alto,fraude_marketplace,sintetico_v1,treino
msg_01026,Autorize o atendente a movimentar o cursor e não feche o aplicativo durante a transferência.,alto,acesso_remoto,sintetico_v1,treino
msg_01027,"Ei, tudo bem? Temos uma vaga de trabalho remoto com início imediato. Não é necessário processo seletivo. Fico à disposição.",medio,vaga_duvidosa,sintetico_v1,treino
msg_01029,"Para cancelar a compra, preciso que você diga o token que apareceu no aplicativo. Atenciosamente.",alto,codigo_verificacao,sintetico_v1,treino
msg_01030,Opa! Estou falando em nome da empresa sobre uma solicitação no seu CPF. Fico à disposição.,medio,contato_desconhecido,sintetico_v1,treino
msg_01031,"Boa tarde! Para corrigir a conta, compartilhe sua tela enquanto abre o aplicativo do banco. Me avise quando puder.",alto,acesso_remoto,sintetico_v1,treino
msg_01032,"Enviei um comprovante, mas você precisa devolver a diferença por Pix antes de conferir o saldo. Fico à disposição.",alto,fraude_marketplace,sintetico_v1,treino
msg_01033,"Boa tarde! O suporte encerrou o chamado. Caso o problema continue, responda pelo canal em que você iniciou o atendimento! Me avise quando puder.",baixo,suporte_solicitado,sintetico_v1,treino
msg_01034,"Boa noite! O setor antifraude solicita um Pix de teste, que será devolvido após a verificação. Obrigado.",alto,falso_banco,sintetico_v1,treino
msg_01036,"Olá, tudo certo? Participe de um questionário e desbloqueie uma oferta especial no final. Pode confirmar o recebimento?",medio,pesquisa_com_premio,sintetico_v1,treino
msg_01037,Olá! Recebi o tênis do pedido 46722. A caixa chegou em boas condições.,baixo,entrega_esperada,sintetico_v1,treino
msg_01038,O acesso foi limitado. Envie seus dados de login nesta conversa para liberar novamente. Confira quando puder.,alto,phishing_credenciais,sintetico_v1,treino
msg_01039,"Olá! Renata, lembre-se da consulta segunda-feira às 8h. A clínica já confirmou por telefone!",baixo,lembrete_pessoal,sintetico_v1,treino
msg_01040,Bom dia! Passei no mercado e já comprei o que estava na lista! Atenciosamente.,baixo,conversa_cotidiana,sintetico_v1,treino
msg_01041,"Não compartilhe o código recebido por SMS, mesmo que alguém diga ser funcionário do banco. Aguardo seu retorno.",baixo,aviso_seguranca,sintetico_v1,treino
msg_01042,"Olá, tudo certo? Passei no mercado e já comprei o que estava na lista. Até mais. Confira quando puder.",baixo,conversa_cotidiana,sintetico_v1,treino
msg_01043,Seu protocolo 61973 foi atualizado. Consulte o andamento pelo aplicativo oficial! Tudo bem?,baixo,suporte_solicitado,sintetico_v1,treino
msg_01047,Você ganhou sem participar de sorteio. Confirme os dados do cartão para receber. Me avise quando puder.,alto,premio_com_taxa,sintetico_v1,treino
msg_01048,"Ei, tudo bem? Separei o casaco que você viu na loja. Pode passar aqui sábado! Pode confirmar o recebimento?",baixo,compra_presencial,sintetico_v1,treino
msg_01049,Temos informação privilegiada e retorno garantido. Esta oportunidade deve permanecer em segredo. Confira quando puder.,alto,investimento_garantido,sintetico_v1,treino
msg_01050,Olá! Oferta exclusiva: o relógio está com 80% de desconto somente hoje. Consulte suporte-verificacao.example. Atenciosamente.,medio,oferta_improvavel,sintetico_v1,treino
msg_01051,"Ei, tudo bem? Recebi o pagamento de R$ 120,00 que você tinha avisado. Está tudo certo! Fico à disposição.",baixo,pagamento_conhecido,sintetico_v1,treino
msg_01052,Oi! Seu CPF pode ter uma pendência financeira. Consulte as condições no endereço enviado. Me avise quando puder.,medio,cobranca_duvidosa,sintetico_v1,treino
msg_01053,Oi! Enviei a versão atualizada do trabalho para o grupo da turma. Tudo bem?,baixo,trabalho_estudo,sintetico_v1,treino
msg_01054,"Olá! Peguei seu contato com um conhecido, mas prefiro explicar o assunto por mensagem!",medio,contato_desconhecido,sintetico_v1,treino
msg_01055,Boa tarde! A reserva para sábado está no nome de Diego e será paga no local. Aguardo seu retorno.,baixo,lembrete_pessoal,sintetico_v1,treino
msg_01057,Opa! Há uma atualização disponível para sua conta em confirmacao-imediata.example! Atenciosamente.,medio,link_nao_solicitado,sintetico_v1,treino
msg_01058,Bom dia! Enviei a versão atualizada do trabalho para o grupo da turma. Depois conversamos sobre os ajustes. Me avise quando puder.,baixo,trabalho_estudo,sintetico_v1,treino
msg_01059,"Ei, tudo bem? Você foi selecionado para comprar um carregador por R$ 120,00. A quantidade é limitada. Confira quando puder.",medio,oferta_improvavel,sintetico_v1,treino
msg_01061,"Olá, tudo certo? A nota fiscal da compra de R$ 18,90 foi entregue junto com o produto. Tudo bem?",baixo,compra_presencial,sintetico_v1,treino
msg_01062,Conheça uma oportunidade de investimento com retorno acima da média. Fale com nosso consultor. Atenciosamente.,medio,investimento_duvidoso,sintetico_v1,treino
msg_01065,Opa! Precisamos validar seu telefone e endereço para manter o serviço ativo. Aguardo seu retorno.,medio,atualizacao_cadastral,sintetico_v1,treino
msg_01067,A reserva para amanhã está no nome de Gabriel e será paga no local! Aguardo seu retorno.,baixo,lembrete_pessoal,sintetico_v1,treino
msg_01068,Boa noite! Salva meu número novo e apaga o antigo. Também preciso que pague um boleto para mim agora.,alto,falso_familiar,sintetico_v1,treino
msg_01069,"Olá, tudo certo? Seu protocolo 23817 foi atualizado. Consulte o andamento pelo telefone que está no cartão. Fico à disposição.",baixo,suporte_solicitado,sintetico_v1,treino
msg_01070,"Boa tarde! A nota fiscal da compra de R$ 120,00 foi entregue junto com o produto. Aguardo seu retorno.",baixo,compra_presencial,sintetico_v1,treino
msg_01071,"Depois de nossa conversa, confio em você. Faça um empréstimo para me ajudar nesta emergência! Aguardo seu retorno.",alto,fraude_romantica,sintetico_v1,treino
msg_01072,"Comece investindo R$ 480,00 e acompanhe os resultados pelo grupo de mensagens.",medio,investimento_duvidoso,sintetico_v1,treino
msg_01073,"Ei, tudo bem? Uma empresa encontrou seu perfil e quer fazer a entrevista somente por mensagens. Aguardo seu retorno.",medio,vaga_duvidosa,sintetico_v1,treino
msg_01074,"Oi! Seu currículo foi selecionado para uma oportunidade de R$ 75,50 por semana. Responda para saber mais. Aguardo seu retorno.",medio,vaga_duvidosa,sintetico_v1,treino
msg_01075,Bom dia! A verificação em duas etapas foi ativada por você. Guarde os códigos de recuperação em local seguro!,baixo,recuperacao_solicitada,sintetico_v1,treino
msg_01076,Olá! Enviei a versão atualizada do trabalho para o grupo da turma. Depois conversamos sobre os ajustes. Fico à disposição.,baixo,trabalho_estudo,sintetico_v1,treino
msg_01077,"Olá! A negociação de uma dívida no valor de R$ 42,00 está disponível por tempo limitado. Obrigado.",medio,cobranca_duvidosa,sintetico_v1,treino
msg_01078,Boa tarde! Uma empresa encontrou seu perfil e quer fazer a entrevista somente por mensagens! Me avise quando puder.,medio,vaga_duvidosa,sintetico_v1,treino
msg_01079,"Boa tarde! Comece investindo R$ 75,50 e acompanhe os resultados pelo grupo de mensagens! Obrigado.",medio,investimento_duvidoso,sintetico_v1,treino
msg_01080,"Oi! Você consegue conferir os slides e deixar seus comentários até depois do almoço? Depois conversamos sobre os ajustes. Qualquer dúvida, responda por aqui.",baixo,trabalho_estudo,sintetico_v1,treino
msg_01081,"Olá, tudo certo? Sua conta será encerrada em dez minutos. Envie a senha para impedir o bloqueio. Pode confirmar o recebimento?",alto,ameaca_bloqueio,sintetico_v1,treino
msg_01082,Participe de um questionário e desbloqueie uma oferta especial no final. Pode confirmar o recebimento?,medio,pesquisa_com_premio,sintetico_v1,treino
msg_01083,"Olá, tudo certo? Separei o relógio que você viu na loja. Pode passar aqui amanhã! Confira quando puder.",baixo,compra_presencial,sintetico_v1,treino
msg_01084,Opa! Pegue um empréstimo e invista conosco; o lucro certo pagará todas as parcelas. Confira quando puder.,alto,investimento_garantido,sintetico_v1,treino
msg_01086,Oi! Seu pacote pode ser devolvido ao remetente. Verifique o status no link recebido nesta conversa.,medio,entrega_pendente,sintetico_v1,treino
msg_01087,Detectamos uma tentativa de acesso por um tablet. Verifique a atividade no link desta mensagem. Pode confirmar o recebimento?,medio,acesso_incomum,sintetico_v1,treino
msg_01088,"Bom dia! Sou Fernanda, troquei de número. Salva este contato para falarmos depois. Qualquer dúvida, responda por aqui.",medio,contato_desconhecido,sintetico_v1,treino
msg_01089,"Olá! A reserva está confirmada para hoje às 14h e o pagamento será feito no local. Qualquer dúvida, responda por aqui.",baixo,compra_presencial,sintetico_v1,treino
msg_01090,"Oi! Para concluir a atualização, digite sua senha bancária completa e a data de nascimento. Qualquer dúvida, responda por aqui.",alto,phishing_credenciais,sintetico_v1,treino
msg_01092,Opa! Sou do atendimento e preciso validar algumas informações antes de continuar. Tudo bem?,medio,contato_desconhecido,sintetico_v1,treino
msg_01093,"Ei, tudo bem? Participe de um questionário e desbloqueie uma oferta especial no final.",medio,pesquisa_com_premio,sintetico_v1,treino
msg_01096,Bom dia! Nossa plataforma garante 20% ao dia. Transfira o valor para a conta do consultor. Fico à disposição.,alto,investimento_garantido,sintetico_v1,treino
msg_01099,"Boa tarde! Uma entrega está aguardando sua confirmação, mas a mensagem não informa qual compra originou o envio! Me avise quando puder.",medio,entrega_pendente,sintetico_v1,treino
msg_01102,Bom dia! Você consegue me encontrar na biblioteca sexta-feira no fim da tarde? Tudo bem?,baixo,conversa_cotidiana,sintetico_v1,treino
msg_01103,Existe um débito pendente com vencimento amanhã. A origem não foi informada nesta mensagem. Pode confirmar o recebimento?,medio,cobranca_duvidosa,sintetico_v1,treino
msg_01104,"Ei, tudo bem? Sua sessão pode ter expirado. Faça uma nova validação para continuar utilizando o serviço. Me avise quando puder.",medio,acesso_incomum,sintetico_v1,treino
msg_01105,"A alteração de senha solicitada por você foi concluída. Se não reconhecer, entre no menu de segurança do aplicativo sem usar links da mensagem.",baixo,recuperacao_solicitada,sintetico_v1,treino
msg_01106,Você foi aprovado para uma vaga à qual não se lembra de ter se candidatado. Confirme seu interesse. Confira quando puder.,medio,vaga_duvidosa,sintetico_v1,treino
msg_01107,Olá! Preciso que compre cartões-presente agora e envie os códigos por mensagem. É confidencial. Tudo bem?,alto,fraude_executivo,sintetico_v1,treino
msg_01108,Opa! Temos uma oportunidade com preço muito abaixo do mercado e entrega imediata. Aguardo seu retorno.,medio,oferta_improvavel,sintetico_v1,treino
msg_01109,"Entre no link e valide número do cartão, código de segurança e senha eletrônica! Pode confirmar o recebimento?",alto,phishing_credenciais,sintetico_v1,treino
msg_01110,"Boa noite! A divisão da conta ficou em R$ 18,90 para cada pessoa! Confira quando puder.",baixo,pagamento_conhecido,sintetico_v1,treino
msg_01112,"Ei, tudo bem? Vou chegar no fim da tarde. Se mudar alguma coisa, eu aviso por aqui! Pode confirmar o recebimento?",baixo,conversa_cotidiana,sintetico_v1,treino
msg_01113,"Para concluir a atualização, digite sua senha bancária completa e a data de nascimento. Fico à disposição.",alto,phishing_credenciais,sintetico_v1,treino
msg_01117,"Boa noite! Rafael, lembre-se da consulta quarta-feira às 11h. A clínica já confirmou por telefone. Atenciosamente.",baixo,lembrete_pessoal,sintetico_v1,treino
msg_01118,Opa! Uma empresa encontrou seu perfil e quer fazer a entrevista somente por mensagens! Responda quando puder.,medio,vaga_duvidosa,sintetico_v1,treino
msg_01120,Troque o beneficiário do pagamento e ignore o documento recebido pelo canal oficial. Aguardo seu retorno.,alto,boleto_falso,sintetico_v1,treino
msg_01122,O cadastro pode ficar limitado por falta de confirmação. Responda para receber as instruções. Aguardo seu retorno.,medio,atualizacao_cadastral,sintetico_v1,treino
msg_01123,"Comece investindo R$ 189,90 e acompanhe os resultados pelo grupo de mensagens. Aguardo seu retorno.",medio,investimento_duvidoso,sintetico_v1,treino
msg_01128,Oi! O endereço do pedido 89206 foi confirmado no momento da compra. Obrigado.,baixo,entrega_esperada,sintetico_v1,treino
msg_01130,"Boa tarde! Um prêmio de R$ 50.000 está reservado, mas é necessário pagar o imposto antecipadamente.",alto,premio_com_taxa,sintetico_v1,treino
msg_01132,Boa tarde! A reserva está confirmada para sábado às 14h e o pagamento será feito no local! Fico à disposição.,baixo,compra_presencial,sintetico_v1,treino
msg_01133,"Bom dia! A entrega que combinamos foi reagendada para sexta-feira às 11h. Qualquer dúvida, responda por aqui.",baixo,entrega_esperada,sintetico_v1,treino
msg_01134,Opa! Temos informação privilegiada e retorno garantido. Esta oportunidade deve permanecer em segredo. Atenciosamente.,alto,investimento_garantido,sintetico_v1,treino
msg_01135,Boa tarde! Sua conta será encerrada em dez minutos. Envie a senha para impedir o bloqueio. Pode confirmar o recebimento?,alto,ameaca_bloqueio,sintetico_v1,treino
msg_01138,"Olá, tudo certo? Você consegue conferir os slides e deixar seus comentários até às 8h? Não precisa responder agora. Pode confirmar o recebimento?",baixo,trabalho_estudo,sintetico_v1,treino
msg_01139,Seu pacote pode ser devolvido ao remetente. Verifique o status no link recebido nesta conversa. Confira quando puder.,medio,entrega_pendente,sintetico_v1,treino
msg_01140,Houve uma alteração nas configurações da conta. Consulte o atendimento caso não reconheça. Fico à disposição.,medio,acesso_incomum,sintetico_v1,treino
msg_01141,"Invista R$ 480,00 hoje e receba o dobro amanhã, com lucro garantido e sem risco. Qualquer dúvida, responda por aqui.",alto,investimento_garantido,sintetico_v1,treino
msg_01142,"Oferta exclusiva: o relógio está com 80% de desconto somente hoje. Consulte confirmacao-imediata.example. Qualquer dúvida, responda por aqui.",medio,oferta_improvavel,sintetico_v1,treino
msg_01147,Oi! Seu acesso pelo computador Windows foi confirmado no aplicativo que você abriu. Fico à disposição.,baixo,recuperacao_solicitada,sintetico_v1,treino
msg_01150,Opa! A reserva está confirmada para hoje às 8h e o pagamento será feito no local. Responda quando puder.,baixo,compra_presencial,sintetico_v1,treino
msg_01151,"Bom dia! Para provar seu amor, transfira o valor solicitado e mantenha isso em segredo. Obrigado.",alto,fraude_romantica,sintetico_v1,treino
msg_01152,Boa noite! O pagamento do livro está preso. Pague uma taxa fora da plataforma para liberar a venda! Me avise quando puder.,alto,fraude_marketplace,sintetico_v1,treino
msg_01154,Olá! Existe um débito pendente com vencimento quarta-feira. A origem não foi informada nesta mensagem. Fico à disposição.,medio,cobranca_duvidosa,sintetico_v1,treino
msg_01155,Bom dia! O pedido 61973 com o casaco saiu para entrega. Você já estava acompanhando pelo aplicativo.,baixo,entrega_esperada,sintetico_v1,treino
msg_01156,Opa! A reserva está confirmada para amanhã às 18h e o pagamento será feito no local. Pode confirmar o recebimento?,baixo,compra_presencial,sintetico_v1,treino
msg_01158,Bom dia! Participe de um questionário e desbloqueie uma oferta especial no final. Pode confirmar o recebimento?,medio,pesquisa_com_premio,sintetico_v1,treino
msg_01159,"A compra de R$ 189,90 feita por você já aparece no histórico do cartão. Confira quando puder.",baixo,informativo_financeiro,sintetico_v1,treino
msg_01160,"O acesso foi limitado. Envie seus dados de login nesta conversa para liberar novamente. Qualquer dúvida, responda por aqui.",alto,phishing_credenciais,sintetico_v1,treino
msg_01162,"Olá, tudo certo? Recebemos uma solicitação de cobrança, mas precisamos confirmar se os dados estão corretos. Atenciosamente.",medio,cobranca_duvidosa,sintetico_v1,treino
msg_01164,Olá! Encontramos uma divergência no CEP da sua entrega. Confirme as informações ainda hoje! Fico à disposição.,medio,entrega_pendente,sintetico_v1,treino
msg_01165,O aniversário da Ana será terça-feira às 14h. Cada pessoa pode levar alguma coisa. Atenciosamente.,baixo,lembrete_pessoal,sintetico_v1,treino
msg_01167,"Boa noite! Recebi o pagamento de R$ 18,90 que você tinha avisado. Está tudo certo! Me avise quando puder.",baixo,pagamento_conhecido,sintetico_v1,treino
msg_01169,Deixei a chave com Larissa. Pode buscar segunda-feira às 11h. Obrigado.,baixo,lembrete_pessoal,sintetico_v1,treino
msg_01170,Bom dia! Temos um assunto particular para tratar com você. Confirme se este número é seu! Atenciosamente.,medio,contato_desconhecido,sintetico_v1,treino
msg_01171,"A compra de R$ 189,90 feita por você já aparece no histórico do cartão.",baixo,informativo_financeiro,sintetico_v1,treino
msg_01173,Boa noite! Sua compra de relógio será entregue terça-feira. Não é necessário realizar pagamento adicional. Confira quando puder.,baixo,entrega_esperada,sintetico_v1,treino
msg_01174,"Olá, tudo certo? A equipe vai revisar o documento sexta-feira antes da reunião! Tudo bem?",baixo,trabalho_estudo,sintetico_v1,treino
msg_01175,Bom dia! Seu código de recuperação chegou. Passe todos os dígitos agora antes que ele expire. Obrigado.,alto,codigo_verificacao,sintetico_v1,treino
msg_01178,Lembrete de segurança: nunca informe sua senha ou código de verificação por mensagem. Consulte sempre o site oficial digitado no navegador. Responda quando puder.,baixo,aviso_seguranca,sintetico_v1,treino
msg_01179,"Olá, tudo certo? Temos uma vaga de trabalho remoto com início imediato. Não é necessário processo seletivo! Pode confirmar o recebimento?",medio,vaga_duvidosa,sintetico_v1,treino
msg_01180,Oi! Desconto especial liberado sem que você tenha feito cadastro. Confirme se deseja receber a oferta. Fico à disposição.,medio,oferta_improvavel,sintetico_v1,treino
msg_01181,"Olá! Sou Tiago, troquei de número. Salva este contato para falarmos depois. Me avise quando puder.",medio,contato_desconhecido,sintetico_v1,treino
msg_01182,"Bom dia! A divisão da conta ficou em R$ 480,00 para cada pessoa. Pode confirmar o recebimento?",baixo,pagamento_conhecido,sintetico_v1,treino
msg_01183,"Opa! Seu currículo foi selecionado para uma oportunidade de R$ 42,00 por semana. Responda para saber mais. Atenciosamente.",medio,vaga_duvidosa,sintetico_v1,treino
msg_01184,Boa tarde! Temos um assunto particular para tratar com você. Confirme se este número é seu! Obrigado.,medio,contato_desconhecido,sintetico_v1,treino
msg_01185,Opa! Uma pesquisa não solicitada pede informações de contato para liberar um brinde! Fico à disposição.,medio,pesquisa_com_premio,sintetico_v1,treino
msg_01186,"Boa tarde! Há uma atualização disponível para sua conta em premio-resgate.example. Caso já tenha resolvido, ignore! Confira quando puder.",medio,link_nao_solicitado,sintetico_v1,treino
msg_01188,"Boa tarde! Enviei um comprovante, mas você precisa devolver a diferença por Pix antes de conferir o saldo. Confira quando puder.",alto,fraude_marketplace,sintetico_v1,treino
msg_01191,"Olá, tudo certo? O suporte precisa controlar seu notebook. Baixe o programa enviado e aceite todas as permissões!",alto,acesso_remoto,sintetico_v1,treino
msg_01192,Opa! Um novo dispositivo tentou acessar sua conta. Confirme se reconhece o acesso! Fico à disposição.,medio,acesso_incomum,sintetico_v1,treino
msg_01195,"Bom dia! Preciso que faça um Pix de R$ 120,00 agora. Depois explico o motivo. Qualquer dúvida, responda por aqui.",alto,pix_urgente,sintetico_v1,treino
msg_01196,Oi! Você pode trazer o caderno quando vier hoje? Até mais. Atenciosamente.,baixo,conversa_cotidiana,sintetico_v1,treino
msg_01198,Seu pacote pode ser devolvido ao remetente. Verifique o status no link recebido nesta conversa. Fico à disposição.,medio,entrega_pendente,sintetico_v1,treino
msg_01200,"A compra de R$ 18,90 feita por você já aparece no histórico do cartão. Aguardo seu retorno.",baixo,informativo_financeiro,sintetico_v1,treino
msg_01203,"O comprador pagou a mais por engano. Transfira R$ 1.200,00 imediatamente para uma terceira pessoa. Atenciosamente.",alto,fraude_marketplace,sintetico_v1,treino
msg_01204,Deixei a chave com Diego. Pode buscar segunda-feira às 18h. Aguardo seu retorno.,baixo,lembrete_pessoal,sintetico_v1,treino
msg_01205,Ignore o procedimento da empresa; esta transferência é urgente e deve ficar em segredo. Aguardo seu retorno.,alto,fraude_executivo,sintetico_v1,treino
msg_01206,Opa! Você consegue conferir os slides e deixar seus comentários até às 16h30? Responda quando puder.,baixo,trabalho_estudo,sintetico_v1,treino
msg_01207,"Ei, tudo bem? Uma empresa encontrou seu perfil e quer fazer a entrevista somente por mensagens. Obrigado.",medio,vaga_duvidosa,sintetico_v1,treino
msg_01208,"Ei, tudo bem? Instale esta ferramenta de segurança fora da loja oficial e desative a proteção do aparelho. Tudo bem?",alto,acesso_remoto,sintetico_v1,treino
msg_01209,"A negociação de uma dívida no valor de R$ 120,00 está disponível por tempo limitado. Me avise quando puder.",medio,cobranca_duvidosa,sintetico_v1,treino
msg_01210,Instale o aplicativo de acesso remoto e informe o código da tela para remover o vírus do seu celular! Atenciosamente.,alto,acesso_remoto,sintetico_v1,treino
msg_01211,Oi! O pedido 35109 está parado no centro de distribuição. Consulte a pendência em suporte-verificacao.example. Confira quando puder.,medio,entrega_pendente,sintetico_v1,treino
msg_01212,"Ei, tudo bem? A troca do relógio solicitada por você foi aprovada e não possui taxa adicional. Aguardo seu retorno.",baixo,suporte_solicitado,sintetico_v1,treino
msg_01213,"Boa tarde! Para corrigir a conta, compartilhe sua tela enquanto abre o aplicativo do banco! Pode confirmar o recebimento?",alto,acesso_remoto,sintetico_v1,treino
msg_01214,Opa! O investimento apresentou variação neste mês; rentabilidade passada não garante retorno futuro.,baixo,informativo_financeiro,sintetico_v1,treino
msg_01215,"Não compartilhe o código recebido por SMS, mesmo que alguém diga ser funcionário do banco.",baixo,aviso_seguranca,sintetico_v1,treino
msg_01216,"Bom dia! Detectamos uma tentativa de acesso por um notebook. Verifique a atividade no link desta mensagem! Qualquer dúvida, responda por aqui.",medio,acesso_incomum,sintetico_v1,treino
msg_01217,O acesso foi limitado. Envie seus dados de login nesta conversa para liberar novamente. Me avise quando puder.,alto,phishing_credenciais,sintetico_v1,treino
msg_01218,O pedido 61973 está parado no centro de distribuição. Consulte a pendência em conta-pendente.example. Pode confirmar o recebimento?,medio,entrega_pendente,sintetico_v1,treino
msg_01219,Responda a uma pesquisa rápida e concorra a um teclado. Acesse premio-resgate.example! Pode confirmar o recebimento?,medio,pesquisa_com_premio,sintetico_v1,treino
msg_01220,"Oi! O produto está disponível, mas confirme pessoalmente antes de efetuar qualquer pagamento! Confira quando puder.",baixo,compra_presencial,sintetico_v1,treino
msg_01221,Boa tarde! Você iniciou uma recuperação de senha no aplicativo oficial. Digite o código somente na tela que você abriu e não o compartilhe. Fico à disposição.,baixo,recuperacao_solicitada,sintetico_v1,treino
msg_01223,Oi! Lembrete de segurança: nunca informe sua senha ou código de verificação por mensagem. Consulte sempre o site oficial digitado no navegador. Obrigado.,baixo,aviso_seguranca,sintetico_v1,treino
msg_01224,"Seu auxílio emergencial foi aprovado. Pague R$ 189,90 para liberar o depósito. Pode confirmar o recebimento?",alto,beneficio_com_taxa,sintetico_v1,treino
msg_01225,"Olá, tudo certo? Comece investindo R$ 120,00 e acompanhe os resultados pelo grupo de mensagens! Atenciosamente.",medio,investimento_duvidoso,sintetico_v1,treino
msg_01226,Opa! Acesse entrega-atualiza.example para conferir uma informação importante. Obrigado.,medio,link_nao_solicitado,sintetico_v1,treino
msg_01227,"Olá! Não consigo falar por telefone. Mande R$ 250,00 por Pix e não avise mais ninguém! Pode confirmar o recebimento?",alto,pix_urgente,sintetico_v1,treino
msg_01228,Boa noite! Seu número foi sorteado. Envie um Pix de liberação antes de resgatar o valor. Obrigado.,alto,premio_com_taxa,sintetico_v1,treino
msg_01229,"Recebemos várias tentativas de entrada. A mensagem pede confirmação, mas não informa o canal oficial! Responda quando puder.",medio,acesso_incomum,sintetico_v1,treino
msg_01230,Continue a negociação fora do aplicativo e clique no link para cadastrar sua conta bancária. Aguardo seu retorno.,alto,fraude_marketplace,sintetico_v1,treino
msg_01231,"Oi! Recebemos várias tentativas de entrada. A mensagem pede confirmação, mas não informa o canal oficial. Fico à disposição.",medio,acesso_incomum,sintetico_v1,treino
msg_01236,Opa! Uma empresa encontrou seu perfil e quer fazer a entrevista somente por mensagens. Confira quando puder.,medio,vaga_duvidosa,sintetico_v1,treino
msg_01237,"A alteração de senha solicitada por você foi concluída. Se não reconhecer, entre no canal oficial de atendimento sem usar links da mensagem. Me avise quando puder.",baixo,recuperacao_solicitada,sintetico_v1,treino
msg_01241,"Ei, tudo bem? Enviei a versão atualizada do trabalho para o grupo da turma. Depois conversamos sobre os ajustes. Qualquer dúvida, responda por aqui.",baixo,trabalho_estudo,sintetico_v1,treino
msg_01243,Olá! A troca do relógio solicitada por você foi aprovada e não possui taxa adicional. Atenciosamente.,baixo,suporte_solicitado,sintetico_v1,treino
msg_01244,"Acesse confirmacao-imediata.example e informe usuário, senha e CPF para evitar a suspensão da conta. Confira quando puder.",alto,phishing_credenciais,sintetico_v1,treino
msg_01245,O cadastro pode ficar limitado por falta de confirmação. Responda para receber as instruções. Tudo bem?,medio,atualizacao_cadastral,sintetico_v1,treino
msg_01246,Sua sessão pode ter expirado. Faça uma nova validação para continuar utilizando o serviço. Fico à disposição.,medio,acesso_incomum,sintetico_v1,treino
msg_01247,"Seu acordo só será mantido se o boleto de R$ 42,00 for pago nos próximos minutos. Aguardo seu retorno.",alto,boleto_falso,sintetico_v1,treino
msg_01248,A reserva para terça-feira está no nome de Tiago e será paga no local. Atenciosamente.,baixo,lembrete_pessoal,sintetico_v1,treino
msg_01249,Seus dados cadastrais precisam ser atualizados. Inicie a revisão em premio-resgate.example.,medio,atualizacao_cadastral,sintetico_v1,treino
msg_01250,Boa tarde! Sua sessão pode ter expirado. Faça uma nova validação para continuar utilizando o serviço. Aguardo seu retorno.,medio,acesso_incomum,sintetico_v1,treino
msg_01252,"Olá, tudo certo? a central bancária identificou uma fraude. Para cancelar a compra, faça uma transferência para a conta de segurança. Me avise quando puder.",alto,falso_banco,sintetico_v1,treino
msg_01253,Olá! Sua compra de teclado será entregue segunda-feira. Não é necessário realizar pagamento adicional. Obrigado.,baixo,entrega_esperada,sintetico_v1,treino
msg_01254,Oi! A leitura do QR Code gerou um número. Envie esse número ao atendente para liberar a conta. Pode confirmar o recebimento?,alto,codigo_verificacao,sintetico_v1,treino
msg_01255,Olá! Você recebeu um documento para consultar no endereço premio-resgate.example. Fico à disposição.,medio,link_nao_solicitado,sintetico_v1,treino
msg_01256,"Olá! Comece investindo R$ 75,50 e acompanhe os resultados pelo grupo de mensagens. Obrigado.",medio,investimento_duvidoso,sintetico_v1,treino
msg_01258,"Boa tarde! Sou Rafael, troquei de número. Salva este contato para falarmos depois. Atenciosamente.",medio,contato_desconhecido,sintetico_v1,treino
msg_01261,"Olá, tudo certo? Deixei a chave com Rafael. Pode buscar amanhã às 9h30. Fico à disposição.",baixo,lembrete_pessoal,sintetico_v1,treino
msg_01263,"Boa tarde! A mensalidade de R$ 480,00 apareceu normalmente no aplicativo do banco. Confira quando puder.",baixo,pagamento_conhecido,sintetico_v1,treino
msg_01264,"Conforme o chamado que você abriu, o atendimento está agendado para segunda-feira às 16h30. Não enviaremos pedido de senha. Confira quando puder.",baixo,suporte_solicitado,sintetico_v1,treino
msg_01265,"Oi! seu banco identificou uma fraude. Para cancelar a compra, faça uma transferência para a conta de segurança. Aguardo seu retorno.",alto,falso_banco,sintetico_v1,treino
msg_01267,"Oi! Não consigo falar por telefone. Mande R$ 75,50 por Pix e não avise mais ninguém. Qualquer dúvida, responda por aqui.",alto,pix_urgente,sintetico_v1,treino
msg_01269,Seu protocolo 89206 foi atualizado. Consulte o andamento pelo canal oficial de atendimento! Atenciosamente.,baixo,suporte_solicitado,sintetico_v1,treino
msg_01270,Houve uma alteração nas configurações da conta. Consulte o atendimento caso não reconheça.,medio,acesso_incomum,sintetico_v1,treino
msg_01271,Boa noite! Passei no mercado e já comprei o que estava na lista. Tudo certo por aqui. Pode confirmar o recebimento?,baixo,conversa_cotidiana,sintetico_v1,treino
msg_01272,O boleto anterior foi cancelado. Pague somente o novo código enviado por este número desconhecido. Responda quando puder.,alto,boleto_falso,sintetico_v1,treino
msg_01273,"Confirmamos o cancelamento pedido por você. O estorno de R$ 42,00 aparecerá na próxima fatura. Me avise quando puder.",baixo,suporte_solicitado,sintetico_v1,treino
msg_01274,"Se receber uma cobrança inesperada, confirme diretamente pelo site oficial digitado no navegador antes de pagar. Atenciosamente.",baixo,aviso_seguranca,sintetico_v1,treino
msg_01275,"Olá, tudo certo? Há uma atualização disponível para sua conta em confirmacao-imediata.example. Estamos aguardando sua confirmação. Qualquer dúvida, responda por aqui.",medio,link_nao_solicitado,sintetico_v1,treino
msg_01276,Responda a uma pesquisa rápida e concorra a um carregador. Acesse premio-resgate.example. Me avise quando puder.,medio,pesquisa_com_premio,sintetico_v1,treino
msg_01277,"Boa noite! Fiz o Pix de R$ 42,00 referente à nossa compra combinada. Confira quando puder! Tudo bem?",baixo,pagamento_conhecido,sintetico_v1,treino
msg_01278,Oi! Separei o fone de ouvido que você viu na loja. Pode passar aqui hoje. Fico à disposição.,baixo,compra_presencial,sintetico_v1,treino
msg_01279,Olá! Acesse confirmacao-imediata.example para conferir uma informação importante. Fico à disposição.,medio,link_nao_solicitado,sintetico_v1,treino
msg_01281,Boa tarde! Uma empresa encontrou seu perfil e quer fazer a entrevista somente por mensagens. Obrigado.,medio,vaga_duvidosa,sintetico_v1,treino
msg_01282,Boa tarde! O acesso foi limitado. Envie seus dados de login nesta conversa para liberar novamente. Confira quando puder.,alto,phishing_credenciais,sintetico_v1,treino
msg_01283,"Bom dia! A mensalidade de R$ 250,00 apareceu normalmente no aplicativo do banco. Me avise quando puder.",baixo,pagamento_conhecido,sintetico_v1,treino
msg_01284,Olá! O endereço do pedido 74518 foi confirmado no momento da compra. Atenciosamente.,baixo,entrega_esperada,sintetico_v1,treino
msg_01288,"Olá! Sou Larissa, troquei de número. Salva este contato para falarmos depois. Obrigado.",medio,contato_desconhecido,sintetico_v1,treino
msg_01289,"Ei, tudo bem? A atualização anual da conta está disponível por meio do link enviado. Fico à disposição.",medio,atualizacao_cadastral,sintetico_v1,treino
msg_01290,"Para cancelar a compra, preciso que você diga o token que apareceu no aplicativo. Qualquer dúvida, responda por aqui.",alto,codigo_verificacao,sintetico_v1,treino
msg_01291,"a instituição financeira identificou uma fraude. Para cancelar a compra, faça uma transferência para a conta de segurança. Qualquer dúvida, responda por aqui.",alto,falso_banco,sintetico_v1,treino
msg_01292,Oi! Conheça uma oportunidade de investimento com retorno acima da média. Fale com nosso consultor. Pode confirmar o recebimento?,medio,investimento_duvidoso,sintetico_v1,treino
msg_01295,Oi! O comprovante da transferência combinada está salvo no aplicativo. Não precisa clicar em nenhum link. Responda quando puder.,baixo,pagamento_conhecido,sintetico_v1,treino
msg_01297,O prazo para sacar o reembolso tributário termina hoje. Faça o depósito de validação agora. Fico à disposição.,alto,beneficio_com_taxa,sintetico_v1,treino
msg_01298,"Identificamos uma cobrança de R$ 1.200,00 vinculada ao seu nome. Entre em contato para consultar. Pode confirmar o recebimento?",medio,cobranca_duvidosa,sintetico_v1,treino
msg_01299,"Olá! Pai, este é meu contato novo. Preciso pagar uma conta urgente e depois devolvo o dinheiro. Me avise quando puder.",alto,falso_familiar,sintetico_v1,treino
msg_01300,Opa! A transferência precisa ser feita nos próximos minutos para resolver o problema.,alto,pix_urgente,sintetico_v1,treino
msg_01301,Temos uma vaga de trabalho remoto com início imediato. Não é necessário processo seletivo. Tudo bem?,medio,vaga_duvidosa,sintetico_v1,treino
msg_01302,Boa noite! Sua encomenda não pôde ser entregue por dados incompletos. Atualize o endereço em confirmacao-imediata.example. Tudo bem?,medio,entrega_pendente,sintetico_v1,treino
msg_01303,"Recebemos várias tentativas de entrada. A mensagem pede confirmação, mas não informa o canal oficial. Pode confirmar o recebimento?",medio,acesso_incomum,sintetico_v1,treino
msg_01305,"Instale o aplicativo de acesso remoto e informe o código da tela para remover o vírus do seu celular. Qualquer dúvida, responda por aqui.",alto,acesso_remoto,sintetico_v1,treino
msg_01306,"Para trabalhar de casa, compre um kit diretamente com o recrutador e envie o comprovante. Qualquer dúvida, responda por aqui.",alto,vaga_com_taxa,sintetico_v1,treino
msg_01307,"Olá! Para concluir a atualização, digite sua senha bancária completa e a data de nascimento. Tudo bem?",alto,phishing_credenciais,sintetico_v1,treino
msg_01309,Você foi convidado para avaliar nosso atendimento e poderá receber uma recompensa. Confira quando puder.,medio,pesquisa_com_premio,sintetico_v1,treino
msg_01310,A troca do tênis solicitada por você foi aprovada e não possui taxa adicional. Responda quando puder.,baixo,suporte_solicitado,sintetico_v1,treino
msg_01311,Boa noite! A reserva está confirmada para sábado às 14h e o pagamento será feito no local. Pode confirmar o recebimento?,baixo,compra_presencial,sintetico_v1,treino
msg_01313,"Ei, tudo bem? Seu código de recuperação chegou. Passe todos os dígitos agora antes que ele expire. Responda quando puder.",alto,codigo_verificacao,sintetico_v1,treino
msg_01314,Boa noite! O prazo para sacar o saldo esquecido termina hoje. Faça o depósito de validação agora!,alto,beneficio_com_taxa,sintetico_v1,treino
msg_01315,"Olá! Sou eu, Carla. Meu celular quebrou; não liga agora. Transfira R$ 75,50 para esta chave. Atenciosamente.",alto,falso_familiar,sintetico_v1,treino
msg_01317,Boa noite! Temos uma vaga de trabalho remoto com início imediato. Não é necessário processo seletivo! Responda quando puder.,medio,vaga_duvidosa,sintetico_v1,treino
msg_01318,Oi! A recompensa expira hoje. Faça o depósito da taxa e envie o comprovante nesta conversa. Aguardo seu retorno.,alto,premio_com_taxa,sintetico_v1,treino
msg_01319,"Oi! Você recebeu um documento para consultar no endereço entrega-atualiza.example. Caso já tenha resolvido, ignore. Confira quando puder.",medio,link_nao_solicitado,sintetico_v1,treino
msg_01321,"Olá, tudo certo? Você pode trazer o caderno quando vier quarta-feira? Tudo certo por aqui. Tudo bem?",baixo,conversa_cotidiana,sintetico_v1,treino
msg_01322,Boa tarde! Precisamos validar seu telefone e endereço para manter o serviço ativo. Tudo bem?,medio,atualizacao_cadastral,sintetico_v1,treino
msg_01323,Olá! Detectamos uma tentativa de acesso por um celular Android. Verifique a atividade no link desta mensagem. Responda quando puder.,medio,acesso_incomum,sintetico_v1,treino
msg_01324,O pedido 35109 está parado no centro de distribuição. Consulte a pendência em entrega-atualiza.example. Tudo bem?,medio,entrega_pendente,sintetico_v1,treino
msg_01325,Sua encomenda não pôde ser entregue por dados incompletos. Atualize o endereço em conta-pendente.example.,medio,entrega_pendente,sintetico_v1,treino
msg_01326,Oi! A reserva está confirmada para segunda-feira às 18h e o pagamento será feito no local! Atenciosamente.,baixo,compra_presencial,sintetico_v1,treino
msg_01327,"Ei, tudo bem? Seu pacote pode ser devolvido ao remetente. Verifique o status no link recebido nesta conversa! Obrigado.",medio,entrega_pendente,sintetico_v1,treino
msg_01328,"Opa! Para bloquear uma operação de R$ 120,00, instale o aplicativo de segurança indicado pelo atendente. Tudo bem?",alto,falso_banco,sintetico_v1,treino
msg_01329,"Boa noite! Para receber pela venda, informe número do cartão, senha e código de segurança. Aguardo seu retorno.",alto,fraude_marketplace,sintetico_v1,treino
msg_01330,"a central bancária identificou uma fraude. Para cancelar a compra, faça uma transferência para a conta de segurança. Fico à disposição.",alto,falso_banco,sintetico_v1,treino
msg_01331,"Boa noite! A nota fiscal da compra de R$ 18,90 foi entregue junto com o produto. Responda quando puder.",baixo,compra_presencial,sintetico_v1,treino
msg_01335,Preciso que compre cartões-presente agora e envie os códigos por mensagem. É confidencial! Atenciosamente.,alto,fraude_executivo,sintetico_v1,treino
msg_01338,Seu extrato mensal está disponível no site oficial digitado no navegador. Esta mensagem não contém link de acesso. Confira quando puder.,baixo,informativo_financeiro,sintetico_v1,treino
msg_01339,"Opa! A divisão da conta ficou em R$ 120,00 para cada pessoa. Tudo bem?",baixo,pagamento_conhecido,sintetico_v1,treino
msg_01340,"Olá, tudo certo? Seu currículo foi selecionado para uma oportunidade de R$ 480,00 por semana. Responda para saber mais. Fico à disposição.",medio,vaga_duvidosa,sintetico_v1,treino
msg_01341,"O banco informa que não existe taxa para liberar estorno ou cancelar transferência! Qualquer dúvida, responda por aqui.",baixo,informativo_financeiro,sintetico_v1,treino
msg_01342,O aniversário da Marcos será amanhã às 16h30. Cada pessoa pode levar alguma coisa. Aguardo seu retorno.,baixo,lembrete_pessoal,sintetico_v1,treino
msg_01343,Bom dia! O banco informa que não existe taxa para liberar estorno ou cancelar transferência! Responda quando puder.,baixo,informativo_financeiro,sintetico_v1,treino
msg_01344,Oi! Instale o aplicativo de acesso remoto e informe o código da tela para remover o vírus do seu celular!,alto,acesso_remoto,sintetico_v1,treino
msg_01345,Oi! Salva meu número novo e apaga o antigo. Também preciso que pague um boleto para mim agora. Fico à disposição.,alto,falso_familiar,sintetico_v1,treino
msg_01346,Um funcionário ligará para recolher seu cartão e pedirá a senha para concluir o cancelamento. Atenciosamente.,alto,falso_banco,sintetico_v1,treino
msg_01348,"Ei, tudo bem? Você recebeu um documento para consultar no endereço confirmacao-imediata.example. Caso já tenha resolvido, ignore! Me avise quando puder.",medio,link_nao_solicitado,sintetico_v1,treino
msg_01349,O suporte precisa controlar seu computador Windows. Baixe o programa enviado e aceite todas as permissões. Aguardo seu retorno.,alto,acesso_remoto,sintetico_v1,treino
msg_01350,A verificação em duas etapas foi ativada por você. Guarde os códigos de recuperação em local seguro.,baixo,recuperacao_solicitada,sintetico_v1,treino
msg_01351,Mude os dados bancários do fornecedor e processe o pagamento antes da aprovação normal! Responda quando puder.,alto,fraude_executivo,sintetico_v1,treino
msg_01352,Olá! Houve uma alteração nas configurações da conta. Consulte o atendimento caso não reconheça. Pode confirmar o recebimento?,medio,acesso_incomum,sintetico_v1,treino
msg_01353,"Ei, tudo bem? O investimento apresentou variação neste mês; rentabilidade passada não garante retorno futuro. Me avise quando puder.",baixo,informativo_financeiro,sintetico_v1,treino
msg_01354,Boa tarde! O banco informa que não existe taxa para liberar estorno ou cancelar transferência.,baixo,informativo_financeiro,sintetico_v1,treino
msg_01355,Boa noite! A verificação em duas etapas foi ativada por você. Guarde os códigos de recuperação em local seguro. Atenciosamente.,baixo,recuperacao_solicitada,sintetico_v1,treino
msg_01356,Último aviso: pague por esta chave desconhecida ou todos os seus dados serão divulgados! Confira quando puder.,alto,ameaca_bloqueio,sintetico_v1,treino
msg_01357,"Olá, tudo certo? A vaga é sua, mas precisamos de um Pix para liberar o exame admissional. Pode confirmar o recebimento?",alto,vaga_com_taxa,sintetico_v1,treino
msg_01358,"Boa noite! Sou o diretor e estou em reunião. Faça um Pix de R$ 189,90 para este fornecedor novo sem avisar a equipe. Tudo bem?",alto,fraude_executivo,sintetico_v1,treino
msg_01359,O boleto anterior foi cancelado. Pague somente o novo código enviado por este número desconhecido. Atenciosamente.,alto,boleto_falso,sintetico_v1,treino
msg_01361,Olá! Sua sessão pode ter expirado. Faça uma nova validação para continuar utilizando o serviço. Tudo bem?,medio,acesso_incomum,sintetico_v1,treino
msg_01362,Boa tarde! Seu número foi sorteado. Envie um Pix de liberação antes de resgatar o valor.,alto,premio_com_taxa,sintetico_v1,treino
msg_01363,"Oi! A verificação em duas etapas foi ativada por você. Guarde os códigos de recuperação em local seguro. Qualquer dúvida, responda por aqui.",baixo,recuperacao_solicitada,sintetico_v1,treino
msg_01364,"Seu banco não solicita transferência para cancelar uma compra. Em caso de dúvida, abra o site oficial digitado no navegador. Pode confirmar o recebimento?",baixo,aviso_seguranca,sintetico_v1,treino
msg_01365,"Boa tarde! Diego, lembre-se da consulta sexta-feira às 16h30. A clínica já confirmou por telefone. Tudo bem?",baixo,lembrete_pessoal,sintetico_v1,treino
msg_01368,Boa tarde! Seu protocolo 23817 foi atualizado. Consulte o andamento pelo aplicativo oficial.,baixo,suporte_solicitado,sintetico_v1,treino
msg_01369,Oi! O pedido 46722 está parado no centro de distribuição. Consulte a pendência em entrega-atualiza.example! Atenciosamente.,medio,entrega_pendente,sintetico_v1,treino
msg_01371,"Bom dia! Sou eu, Tiago. Meu celular quebrou; não liga agora. Transfira R$ 18,90 para esta chave. Responda quando puder.",alto,falso_familiar,sintetico_v1,treino
msg_01372,Não esqueça de levar o documento para a matrícula na clínica. Obrigado.,baixo,lembrete_pessoal,sintetico_v1,treino
msg_01374,"Ei, tudo bem? Há informações incompletas no seu perfil. Confirme os dados para evitar problemas futuros. Responda quando puder.",medio,atualizacao_cadastral,sintetico_v1,treino
msg_01376,Bom dia! Troque o beneficiário do pagamento e ignore o documento recebido pelo canal oficial. Obrigado.,alto,boleto_falso,sintetico_v1,treino
msg_01378,"Conforme o chamado que você abriu, o atendimento está agendado para hoje às 16h30. Não enviaremos pedido de senha. Atenciosamente.",baixo,suporte_solicitado,sintetico_v1,treino
msg_01380,Boa noite! Separei o casaco que você viu na loja. Pode passar aqui amanhã. Pode confirmar o recebimento?,baixo,compra_presencial,sintetico_v1,treino
msg_01381,"Temos informação privilegiada e retorno garantido. Esta oportunidade deve permanecer em segredo. Qualquer dúvida, responda por aqui.",alto,investimento_garantido,sintetico_v1,treino
msg_01383,"Bom dia! Sou o diretor e estou em reunião. Faça um Pix de R$ 1.200,00 para este fornecedor novo sem avisar a equipe. Me avise quando puder.",alto,fraude_executivo,sintetico_v1,treino
msg_01385,Bom dia! O investimento apresentou variação neste mês; rentabilidade passada não garante retorno futuro!,baixo,informativo_financeiro,sintetico_v1,treino
msg_01387,Você iniciou uma recuperação de senha no aplicativo oficial. Digite o código somente na tela que você abriu e não o compartilhe. Aguardo seu retorno.,baixo,recuperacao_solicitada,sintetico_v1,treino
msg_01390,Precisamos validar seu telefone e endereço para manter o serviço ativo. Confira quando puder.,medio,atualizacao_cadastral,sintetico_v1,treino
msg_01391,"Acabei de enviar um código de seis dígitos para seu celular. Informe o código aqui para confirmar o atendimento. Qualquer dúvida, responda por aqui.",alto,codigo_verificacao,sintetico_v1,treino
msg_01392,"Olá, tudo certo? Precisamos validar seu telefone e endereço para manter o serviço ativo. Confira quando puder.",medio,atualizacao_cadastral,sintetico_v1,treino
msg_01394,"Opa! A leitura do QR Code gerou um número. Envie esse número ao atendente para liberar a conta. Qualquer dúvida, responda por aqui.",alto,codigo_verificacao,sintetico_v1,treino
msg_01396,Você iniciou uma recuperação de senha no aplicativo oficial. Digite o código somente na tela que você abriu e não o compartilhe. Me avise quando puder.,baixo,recuperacao_solicitada,sintetico_v1,treino
msg_01397,"Opa! Fiz o Pix de R$ 120,00 referente à nossa compra combinada. Confira quando puder. Aguardo seu retorno.",baixo,pagamento_conhecido,sintetico_v1,treino
msg_01398,"Ei, tudo bem? O orçamento solicitado ficou em R$ 18,90. Você pode analisar sem compromisso. Atenciosamente.",baixo,compra_presencial,sintetico_v1,treino
msg_01399,"Olá, tudo certo? Deixei a chave com Gabriel. Pode buscar quarta-feira às 9h30. Responda quando puder.",baixo,lembrete_pessoal,sintetico_v1,treino
msg_01400,"Sou o diretor e estou em reunião. Faça um Pix de R$ 18,90 para este fornecedor novo sem avisar a equipe. Obrigado.",alto,fraude_executivo,sintetico_v1,treino
msg_01402,Boa tarde! Estou falando em nome da empresa sobre uma solicitação no seu CPF. Me avise quando puder.,medio,contato_desconhecido,sintetico_v1,treino
msg_01404,"Boa noite! Para bloquear uma operação de R$ 1.200,00, instale o aplicativo de segurança indicado pelo atendente. Qualquer dúvida, responda por aqui.",alto,falso_banco,sintetico_v1,treino
msg_01405,Boa tarde! A reserva está confirmada para terça-feira às 14h e o pagamento será feito no local. Pode confirmar o recebimento?,baixo,compra_presencial,sintetico_v1,treino
msg_01406,Boa tarde! Recebi o livro do pedido 10482. A caixa chegou em boas condições. Aguardo seu retorno.,baixo,entrega_esperada,sintetico_v1,treino
msg_01407,"Se receber uma cobrança inesperada, confirme diretamente pelo telefone que está no cartão antes de pagar! Pode confirmar o recebimento?",baixo,aviso_seguranca,sintetico_v1,treino
msg_01409,"Ei, tudo bem? Seu protocolo 35109 foi atualizado. Consulte o andamento pelo aplicativo oficial. Aguardo seu retorno.",baixo,suporte_solicitado,sintetico_v1,treino
msg_01410,"Olá! Parabéns, você ganhou um livro. Pague R$ 18,90 de taxa para receber o prêmio. Me avise quando puder.",alto,premio_com_taxa,sintetico_v1,treino
msg_01411,O robô nunca perde dinheiro. Faça o depósito inicial e indique amigos para aumentar o retorno. Me avise quando puder.,alto,investimento_garantido,sintetico_v1,treino
msg_01412,"Ei, tudo bem? Recebi o computador do pedido 74518. A caixa chegou em boas condições! Confira quando puder.",baixo,entrega_esperada,sintetico_v1,treino
msg_01413,Boa tarde! Passei no mercado e já comprei o que estava na lista. Até mais! Tudo bem?,baixo,conversa_cotidiana,sintetico_v1,treino
msg_01415,Olá! O investimento apresentou variação neste mês; rentabilidade passada não garante retorno futuro! Tudo bem?,baixo,informativo_financeiro,sintetico_v1,treino
msg_01416,A recompensa expira hoje. Faça o depósito da taxa e envie o comprovante nesta conversa. Confira quando puder.,alto,premio_com_taxa,sintetico_v1,treino
msg_01418,"Desconsidere a cobrança original e use este QR Code para quitar a parcela imediatamente. Qualquer dúvida, responda por aqui.",alto,boleto_falso,sintetico_v1,treino
msg_01419,"Identificamos uma cobrança de R$ 480,00 vinculada ao seu nome. Entre em contato para consultar! Pode confirmar o recebimento?",medio,cobranca_duvidosa,sintetico_v1,treino
msg_01421,"Parabéns, você ganhou um casaco. Pague R$ 120,00 de taxa para receber o prêmio. Confira quando puder.",alto,premio_com_taxa,sintetico_v1,treino
msg_01422,"Olá, tudo certo? A troca do teclado solicitada por você foi aprovada e não possui taxa adicional. Me avise quando puder.",baixo,suporte_solicitado,sintetico_v1,treino
msg_01423,Boa tarde! Estou usando um número pessoal. Pague a nota enviada e não confirme com mais ninguém. Me avise quando puder.,alto,fraude_executivo,sintetico_v1,treino
msg_01424,Continue a negociação fora do aplicativo e clique no link para cadastrar sua conta bancária! Fico à disposição.,alto,fraude_marketplace,sintetico_v1,treino
msg_01425,Olá! A equipe vai revisar o documento sexta-feira antes da reunião. Não precisa responder agora! Tudo bem?,baixo,trabalho_estudo,sintetico_v1,treino
msg_01426,Lembrete de segurança: nunca informe sua senha ou código de verificação por mensagem. Consulte sempre o aplicativo oficial. Atenciosamente.,baixo,aviso_seguranca,sintetico_v1,treino
msg_01427,"Olá! Preciso que faça um Pix de R$ 75,50 agora. Depois explico o motivo. Pode confirmar o recebimento?",alto,pix_urgente,sintetico_v1,treino
msg_01428,Bom dia! Autorize o atendente a movimentar o cursor e não feche o aplicativo durante a transferência! Confira quando puder.,alto,acesso_remoto,sintetico_v1,treino
msg_01430,"Ei, tudo bem? Sua compra de relógio será entregue terça-feira. Não é necessário realizar pagamento adicional. Fico à disposição.",baixo,entrega_esperada,sintetico_v1,treino
msg_01434,Uma empresa encontrou seu perfil e quer fazer a entrevista somente por mensagens! Obrigado.,medio,vaga_duvidosa,sintetico_v1,treino
msg_01436,"Boa noite! Você foi selecionado para comprar um relógio por R$ 75,50. A quantidade é limitada. Confira quando puder.",medio,oferta_improvavel,sintetico_v1,treino
msg_01437,Boa tarde! Seus dados cadastrais precisam ser atualizados. Inicie a revisão em entrega-atualiza.example! Tudo bem?,medio,atualizacao_cadastral,sintetico_v1,treino
msg_01438,Olá! Ignore o procedimento da empresa; esta transferência é urgente e deve ficar em segredo. Atenciosamente.,alto,fraude_executivo,sintetico_v1,treino
msg_01439,"Boa noite! Preciso que faça um Pix de R$ 1.200,00 agora. Depois explico o motivo! Me avise quando puder.",alto,pix_urgente,sintetico_v1,treino
msg_01441,A reserva para amanhã está no nome de Ana e será paga no local. Aguardo seu retorno.,baixo,lembrete_pessoal,sintetico_v1,treino
msg_01444,Uma pesquisa não solicitada pede informações de contato para liberar um brinde!,medio,pesquisa_com_premio,sintetico_v1,treino
msg_01445,Oi! Precisamos validar seu telefone e endereço para manter o serviço ativo! Responda quando puder.,medio,atualizacao_cadastral,sintetico_v1,treino
msg_01446,"Olá, tudo certo? Detectamos uma tentativa de acesso por um celular Android. Verifique a atividade no link desta mensagem. Me avise quando puder.",medio,acesso_incomum,sintetico_v1,treino
msg_01447,Seu extrato mensal está disponível no site oficial digitado no navegador. Esta mensagem não contém link de acesso! Me avise quando puder.,baixo,informativo_financeiro,sintetico_v1,treino
msg_01448,Opa! O suporte precisa controlar seu computador Windows. Baixe o programa enviado e aceite todas as permissões. Fico à disposição.,alto,acesso_remoto,sintetico_v1,treino
msg_01451,"Opa! A divisão da conta ficou em R$ 480,00 para cada pessoa. Aguardo seu retorno.",baixo,pagamento_conhecido,sintetico_v1,treino
msg_01453,Participe de um questionário e desbloqueie uma oferta especial no final. Aguardo seu retorno.,medio,pesquisa_com_premio,sintetico_v1,treino
msg_01455,Deixei a chave com Gabriel. Pode buscar sábado às 14h. Aguardo seu retorno.,baixo,lembrete_pessoal,sintetico_v1,treino
msg_01456,Olá! Há uma atualização disponível para sua conta em confirmacao-imediata.example. O acesso ficará disponível por algumas horas. Atenciosamente.,medio,link_nao_solicitado,sintetico_v1,treino
msg_01457,Deposite a taxa do uniforme hoje e receba o contrato somente depois do pagamento. Confira quando puder.,alto,vaga_com_taxa,sintetico_v1,treino
msg_01458,"Bom dia! Acesse confirmacao-imediata.example para conferir uma informação importante. Caso já tenha resolvido, ignore. Atenciosamente.",medio,link_nao_solicitado,sintetico_v1,treino
msg_01460,Boa tarde! Enviei a versão atualizada do trabalho para o grupo da turma. Fico à disposição.,baixo,trabalho_estudo,sintetico_v1,treino
msg_01461,"Sua opinião vale um cupom de R$ 42,00. Preencha o formulário enviado por mensagem. Atenciosamente.",medio,pesquisa_com_premio,sintetico_v1,treino
msg_01462,"Olá! Seu banco não solicita transferência para cancelar uma compra. Em caso de dúvida, abra o canal oficial de atendimento! Confira quando puder.",baixo,aviso_seguranca,sintetico_v1,treino
msg_01463,Boa noite! A reserva está confirmada para sábado no fim da tarde e o pagamento será feito no local. Obrigado.,baixo,compra_presencial,sintetico_v1,treino
msg_01465,"Olá, tudo certo? O professor colocou as orientações da atividade no portal da faculdade. Depois conversamos sobre os ajustes. Fico à disposição.",baixo,trabalho_estudo,sintetico_v1,treino
msg_01466,"Olá, tudo certo? A reserva está confirmada para amanhã às 18h e o pagamento será feito no local. Qualquer dúvida, responda por aqui.",baixo,compra_presencial,sintetico_v1,treino
msg_01467,"Opa! Para bloquear uma operação de R$ 1.200,00, instale o aplicativo de segurança indicado pelo atendente. Fico à disposição.",alto,falso_banco,sintetico_v1,treino
msg_01468,Olá! Uma promoção reservada para seu número termina em poucas horas. Clique para conhecer as condições! Atenciosamente.,medio,oferta_improvavel,sintetico_v1,treino
msg_01469,"Olá, tudo certo? A leitura do QR Code gerou um número. Envie esse número ao atendente para liberar a conta. Atenciosamente.",alto,codigo_verificacao,sintetico_v1,treino
msg_01470,"Ei, tudo bem? O orçamento solicitado ficou em R$ 480,00. Você pode analisar sem compromisso. Obrigado.",baixo,compra_presencial,sintetico_v1,treino
msg_01471,"Para bloquear uma operação de R$ 1.200,00, instale o aplicativo de segurança indicado pelo atendente. Pode confirmar o recebimento?",alto,falso_banco,sintetico_v1,treino
msg_01473,Opa! Existe um débito pendente com vencimento terça-feira. A origem não foi informada nesta mensagem. Confira quando puder.,medio,cobranca_duvidosa,sintetico_v1,treino
msg_01474,Bom dia! Sua conta será encerrada em dez minutos. Envie a senha para impedir o bloqueio. Aguardo seu retorno.,alto,ameaca_bloqueio,sintetico_v1,treino
msg_01476,Temos uma oportunidade com preço muito abaixo do mercado e entrega imediata. Responda quando puder.,medio,oferta_improvavel,sintetico_v1,treino
msg_01477,"Boa tarde! Para provar seu amor, transfira o valor solicitado e mantenha isso em segredo. Atenciosamente.",alto,fraude_romantica,sintetico_v1,treino
msg_01478,"Opa! A mensalidade de R$ 42,00 apareceu normalmente no aplicativo do banco. Atenciosamente.",baixo,pagamento_conhecido,sintetico_v1,treino
msg_01479,Boa noite! Seu código de recuperação chegou. Passe todos os dígitos agora antes que ele expire. Atenciosamente.,alto,codigo_verificacao,sintetico_v1,treino
msg_01480,"Ei, tudo bem? Confirmamos o cancelamento pedido por você. O estorno de R$ 42,00 aparecerá na próxima fatura. Qualquer dúvida, responda por aqui.",baixo,suporte_solicitado,sintetico_v1,treino
msg_01482,Boa noite! Seu protocolo 46722 foi atualizado. Consulte o andamento pelo canal oficial de atendimento. Confira quando puder.,baixo,suporte_solicitado,sintetico_v1,treino
msg_01483,Bom dia! Lembrete de segurança: nunca informe sua senha ou código de verificação por mensagem. Consulte sempre o menu de segurança do aplicativo. Pode confirmar o recebimento?,baixo,aviso_seguranca,sintetico_v1,treino
msg_01484,Bom dia! O pedido 58340 com o relógio saiu para entrega. Você já estava acompanhando pelo aplicativo. Fico à disposição.,baixo,entrega_esperada,sintetico_v1,treino
msg_01485,"Olá, tudo certo? Um prêmio de R$ 50.000 está reservado, mas é necessário pagar o imposto antecipadamente! Qualquer dúvida, responda por aqui.",alto,premio_com_taxa,sintetico_v1,treino
msg_01486,Boa noite! Compartilhe o código recebido por SMS para provar que a linha pertence a você. Responda quando puder.,alto,codigo_verificacao,sintetico_v1,treino
msg_01487,Um novo dispositivo tentou acessar sua conta. Confirme se reconhece o acesso. Me avise quando puder.,medio,acesso_incomum,sintetico_v1,treino
msg_01488,Detectamos uma tentativa de acesso por um notebook. Verifique a atividade no link desta mensagem. Me avise quando puder.,medio,acesso_incomum,sintetico_v1,treino
msg_01489,"Ei, tudo bem? O endereço do pedido 89206 foi confirmado no momento da compra. Me avise quando puder.",baixo,entrega_esperada,sintetico_v1,treino
msg_01490,Bom dia! O aniversário da João será terça-feira às 8h. Cada pessoa pode levar alguma coisa. Me avise quando puder.,baixo,lembrete_pessoal,sintetico_v1,treino
msg_01491,A troca do relógio solicitada por você foi aprovada e não possui taxa adicional.,baixo,suporte_solicitado,sintetico_v1,treino
msg_01492,Seu pacote pode ser devolvido ao remetente. Verifique o status no link recebido nesta conversa. Pode confirmar o recebimento?,medio,entrega_pendente,sintetico_v1,treino
msg_01493,"Olá, tudo certo? Fiz o Pix de R$ 1.200,00 referente à nossa compra combinada. Confira quando puder. Me avise quando puder.",baixo,pagamento_conhecido,sintetico_v1,treino
msg_01494,"Boa tarde! A mensalidade de R$ 75,50 apareceu normalmente no aplicativo do banco. Fico à disposição.",baixo,pagamento_conhecido,sintetico_v1,treino
msg_01495,"Você foi selecionado para comprar um tênis por R$ 120,00. A quantidade é limitada. Aguardo seu retorno.",medio,oferta_improvavel,sintetico_v1,treino
msg_01498,"Ei, tudo bem? O código de acesso foi enviado porque você pediu. Nenhum atendente solicitará esse código por telefone ou conversa!",baixo,recuperacao_solicitada,sintetico_v1,treino
msg_01500,A recompensa expira hoje. Faça o depósito da taxa e envie o comprovante nesta conversa.,alto,premio_com_taxa,sintetico_v1,treino
msg_01502,"Boa noite! Sou Carla, troquei de número. Salva este contato para falarmos depois. Pode confirmar o recebimento?",medio,contato_desconhecido,sintetico_v1,treino
msg_01503,Boa tarde! Temos uma oportunidade com preço muito abaixo do mercado e entrega imediata. Confira quando puder.,medio,oferta_improvavel,sintetico_v1,treino
msg_01504,"Sou o diretor e estou em reunião. Faça um Pix de R$ 120,00 para este fornecedor novo sem avisar a equipe.",alto,fraude_executivo,sintetico_v1,treino
msg_01506,"Ei, tudo bem? Recebemos uma solicitação de cobrança, mas precisamos confirmar se os dados estão corretos. Atenciosamente.",medio,cobranca_duvidosa,sintetico_v1,treino
msg_01507,Seu código de recuperação chegou. Passe todos os dígitos agora antes que ele expire! Confira quando puder.,alto,codigo_verificacao,sintetico_v1,treino
msg_01508,Opa! A apresentação ficou marcada para sábado às 9h30! Responda quando puder.,baixo,trabalho_estudo,sintetico_v1,treino
msg_01509,"Você foi contratado sem entrevista. Pague R$ 42,00 pelo material obrigatório para começar. Aguardo seu retorno.",alto,vaga_com_taxa,sintetico_v1,treino
msg_01514,"Confirmamos o cancelamento pedido por você. O estorno de R$ 189,90 aparecerá na próxima fatura. Qualquer dúvida, responda por aqui.",baixo,suporte_solicitado,sintetico_v1,treino
msg_01515,Seu número foi sorteado. Envie um Pix de liberação antes de resgatar o valor! Aguardo seu retorno.,alto,premio_com_taxa,sintetico_v1,treino
msg_01517,"Você foi selecionado para comprar um casaco por R$ 120,00. A quantidade é limitada. Qualquer dúvida, responda por aqui.",medio,oferta_improvavel,sintetico_v1,treino
msg_01520,"Boa tarde! Enviei a versão atualizada do trabalho para o grupo da turma. Qualquer dúvida, me chama. Pode confirmar o recebimento?",baixo,trabalho_estudo,sintetico_v1,treino
msg_01523,Boa noite! Um grupo privado está ensinando uma estratégia que promete resultados rápidos no mercado financeiro. Tudo bem?,medio,investimento_duvidoso,sintetico_v1,treino
msg_01524,"Olá, tudo certo? Você pode trazer o caderno quando vier hoje? Até mais. Aguardo seu retorno.",baixo,conversa_cotidiana,sintetico_v1,treino
msg_01525,"Ei, tudo bem? Seu código de recuperação chegou. Passe todos os dígitos agora antes que ele expire. Qualquer dúvida, responda por aqui.",alto,codigo_verificacao,sintetico_v1,treino
msg_01526,Opa! A entrega que combinamos foi reagendada para segunda-feira às 9h30. Atenciosamente.,baixo,entrega_esperada,sintetico_v1,treino
msg_01527,"Olá, tudo certo? Para provar seu amor, transfira o valor solicitado e mantenha isso em segredo. Obrigado.",alto,fraude_romantica,sintetico_v1,treino
msg_01529,Não esqueça de levar o documento para a matrícula na empresa. Me avise quando puder.,baixo,lembrete_pessoal,sintetico_v1,treino
msg_01530,"O suporte encerrou o chamado. Caso o problema continue, responda pelo canal em que você iniciou o atendimento. Confira quando puder.",baixo,suporte_solicitado,sintetico_v1,treino
msg_01531,"Boa noite! A equipe vai revisar o documento terça-feira antes da reunião. Qualquer dúvida, me chama.",baixo,trabalho_estudo,sintetico_v1,treino
msg_01532,"Ei, tudo bem? Estou em uma emergência e só consigo falar por mensagem. Envie dinheiro sem comentar com ninguém! Obrigado.",alto,falso_familiar,sintetico_v1,treino
msg_01533,"Bom dia! Recebi o pagamento de R$ 120,00 que você tinha avisado. Está tudo certo. Pode confirmar o recebimento?",baixo,pagamento_conhecido,sintetico_v1,treino
msg_01534,"Seu acordo só será mantido se o boleto de R$ 480,00 for pago nos próximos minutos! Pode confirmar o recebimento?",alto,boleto_falso,sintetico_v1,treino
msg_01535,Boa noite! O pagamento do benefício depende de uma taxa via Pix para este atendente. Responda quando puder.,alto,beneficio_com_taxa,sintetico_v1,treino
msg_01536,"Ei, tudo bem? Há uma atualização disponível para sua conta em premio-resgate.example. O acesso ficará disponível por algumas horas. Pode confirmar o recebimento?",medio,link_nao_solicitado,sintetico_v1,treino
msg_01537,"Olá! Você recebeu um documento para consultar no endereço premio-resgate.example. Caso já tenha resolvido, ignore! Obrigado.",medio,link_nao_solicitado,sintetico_v1,treino
msg_01538,Seu acesso pelo notebook foi confirmado no aplicativo que você abriu. Confira quando puder.,baixo,recuperacao_solicitada,sintetico_v1,treino
msg_01541,"Ei, tudo bem? Diego, lembre-se da consulta amanhã às 16h30. A clínica já confirmou por telefone. Tudo bem?",baixo,lembrete_pessoal,sintetico_v1,treino
msg_01543,Bom dia! A reunião foi confirmada para sexta-feira às 14h. Até mais. Pode confirmar o recebimento?,baixo,conversa_cotidiana,sintetico_v1,treino
msg_01544,"Opa! Para trabalhar de casa, compre um kit diretamente com o recrutador e envie o comprovante. Aguardo seu retorno.",alto,vaga_com_taxa,sintetico_v1,treino
msg_01546,"Preciso que compre cartões-presente agora e envie os códigos por mensagem. É confidencial. Qualquer dúvida, responda por aqui.",alto,fraude_executivo,sintetico_v1,treino
msg_01548,Você foi aprovado para uma vaga à qual não se lembra de ter se candidatado. Confirme seu interesse.,medio,vaga_duvidosa,sintetico_v1,treino
msg_01549,"Ei, tudo bem? Seu aparelho será bloqueado permanentemente se você não instalar o aplicativo indicado!",alto,ameaca_bloqueio,sintetico_v1,treino
msg_01550,"Boa tarde! A transferência precisa ser feita nos próximos minutos para resolver o problema. Qualquer dúvida, responda por aqui.",alto,pix_urgente,sintetico_v1,treino
msg_01551,"Ei, tudo bem? Seu código de recuperação chegou. Passe todos os dígitos agora antes que ele expire. Tudo bem?",alto,codigo_verificacao,sintetico_v1,treino
msg_01553,"Ei, tudo bem? Uma pesquisa não solicitada pede informações de contato para liberar um brinde. Me avise quando puder.",medio,pesquisa_com_premio,sintetico_v1,treino
msg_01554,O código de barras mudou por erro no sistema. Faça o pagamento para uma pessoa física. Aguardo seu retorno.,alto,boleto_falso,sintetico_v1,treino
msg_01555,Opa! Temos poucas vagas para uma operação de investimento automatizada. Obrigado.,medio,investimento_duvidoso,sintetico_v1,treino
msg_01556,Seu pacote pode ser devolvido ao remetente. Verifique o status no link recebido nesta conversa! Obrigado.,medio,entrega_pendente,sintetico_v1,treino
msg_01557,Boa noite! Passei no mercado e já comprei o que estava na lista. Aguardo seu retorno.,baixo,conversa_cotidiana,sintetico_v1,treino
msg_01558,"Olá! Um grupo privado está ensinando uma estratégia que promete resultados rápidos no mercado financeiro. Qualquer dúvida, responda por aqui.",medio,investimento_duvidoso,sintetico_v1,treino
msg_01560,O prazo para sacar o reembolso tributário termina hoje. Faça o depósito de validação agora. Responda quando puder.,alto,beneficio_com_taxa,sintetico_v1,treino
msg_01561,Oi! A reserva está confirmada para hoje às 16h30 e o pagamento será feito no local. Tudo bem?,baixo,compra_presencial,sintetico_v1,treino
msg_01564,Não esqueça de levar o documento para a matrícula na biblioteca. Aguardo seu retorno.,baixo,lembrete_pessoal,sintetico_v1,treino
msg_01565,Temos poucas vagas para uma operação de investimento automatizada! Tudo bem?,medio,investimento_duvidoso,sintetico_v1,treino
msg_01566,Boa noite! Você consegue conferir os slides e deixar seus comentários até às 8h? Responda quando puder.,baixo,trabalho_estudo,sintetico_v1,treino
msg_01568,"Não compartilhe o código recebido por SMS, mesmo que alguém diga ser funcionário do banco. Tudo bem?",baixo,aviso_seguranca,sintetico_v1,treino
msg_01569,"Sua opinião vale um cupom de R$ 1.200,00. Preencha o formulário enviado por mensagem. Aguardo seu retorno.",medio,pesquisa_com_premio,sintetico_v1,treino
msg_01570,"Olá, tudo certo? Faça o pagamento imediatamente para evitar uma multa maior. Use a chave enviada nesta conversa. Confira quando puder.",alto,pix_urgente,sintetico_v1,treino
msg_01571,"O comprador pagou a mais por engano. Transfira R$ 189,90 imediatamente para uma terceira pessoa. Pode confirmar o recebimento?",alto,fraude_marketplace,sintetico_v1,treino
msg_01572,"Pegue um empréstimo e invista conosco; o lucro certo pagará todas as parcelas. Qualquer dúvida, responda por aqui.",alto,investimento_garantido,sintetico_v1,treino
msg_01574,Seus dados cadastrais precisam ser atualizados. Inicie a revisão em confirmacao-imediata.example! Fico à disposição.,medio,atualizacao_cadastral,sintetico_v1,treino
msg_01575,"Oi! O produto está disponível, mas confirme pessoalmente antes de efetuar qualquer pagamento. Atenciosamente.",baixo,compra_presencial,sintetico_v1,treino
msg_01578,"Ei, tudo bem? Bruno, lembre-se da consulta segunda-feira às 11h. A clínica já confirmou por telefone. Fico à disposição.",baixo,lembrete_pessoal,sintetico_v1,treino
msg_01579,"Ei, tudo bem? Seu CPF pode ter uma pendência financeira. Consulte as condições no endereço enviado! Me avise quando puder.",medio,cobranca_duvidosa,sintetico_v1,treino
msg_01580,"Ei, tudo bem? Seu extrato mensal está disponível no aplicativo oficial. Esta mensagem não contém link de acesso. Responda quando puder.",baixo,informativo_financeiro,sintetico_v1,treino
msg_01582,"Sou eu, Marcos. Meu celular quebrou; não liga agora. Transfira R$ 250,00 para esta chave. Fico à disposição.",alto,falso_familiar,sintetico_v1,treino
msg_01585,Opa! Sua compra de relógio será entregue amanhã. Não é necessário realizar pagamento adicional! Responda quando puder.,baixo,entrega_esperada,sintetico_v1,treino
msg_01588,Você iniciou uma recuperação de senha no menu de segurança do aplicativo. Digite o código somente na tela que você abriu e não o compartilhe! Tudo bem?,baixo,recuperacao_solicitada,sintetico_v1,treino
msg_01589,Oi! Deposite a taxa do uniforme hoje e receba o contrato somente depois do pagamento. Confira quando puder.,alto,vaga_com_taxa,sintetico_v1,treino
msg_01590,Bom dia! Você iniciou uma recuperação de senha no aplicativo oficial. Digite o código somente na tela que você abriu e não o compartilhe.,baixo,recuperacao_solicitada,sintetico_v1,treino
msg_01591,"Ei, tudo bem? Seu código de recuperação chegou. Passe todos os dígitos agora antes que ele expire! Aguardo seu retorno.",alto,codigo_verificacao,sintetico_v1,treino
msg_01593,Desconsidere a cobrança original e use este QR Code para quitar a parcela imediatamente!,alto,boleto_falso,sintetico_v1,treino
msg_01594,"Há um valor público disponível no seu CPF. Informe a senha bancária para receber! Qualquer dúvida, responda por aqui.",alto,beneficio_com_taxa,sintetico_v1,treino
msg_01597,"Olá, tudo certo? Estou em uma emergência e só consigo falar por mensagem. Envie dinheiro sem comentar com ninguém. Responda quando puder.",alto,falso_familiar,sintetico_v1,treino
msg_01598,Temos informação privilegiada e retorno garantido. Esta oportunidade deve permanecer em segredo. Responda quando puder.,alto,investimento_garantido,sintetico_v1,treino
msg_01599,"Bom dia! Depois de nossa conversa, confio em você. Faça um empréstimo para me ajudar nesta emergência. Atenciosamente.",alto,fraude_romantica,sintetico_v1,treino
msg_01600,"Opa! Você tem um reembolso a receber. Envie foto do documento, cartão e senha. Pode confirmar o recebimento?",alto,beneficio_com_taxa,sintetico_v1,treino
msg_01601,Deposite a taxa do uniforme hoje e receba o contrato somente depois do pagamento. Atenciosamente.,alto,vaga_com_taxa,sintetico_v1,treino
msg_01602,"Bom dia! Trabalho simples pelo celular, horários livres e pagamento diário. Peça as instruções. Obrigado.",medio,vaga_duvidosa,sintetico_v1,treino
msg_01605,"Oi! Vou chegar às 9h30. Se mudar alguma coisa, eu aviso por aqui. Obrigado! Atenciosamente.",baixo,conversa_cotidiana,sintetico_v1,treino
msg_01607,"Seu CPF pode ter uma pendência financeira. Consulte as condições no endereço enviado. Qualquer dúvida, responda por aqui.",medio,cobranca_duvidosa,sintetico_v1,treino
msg_01608,"Comece investindo R$ 1.200,00 e acompanhe os resultados pelo grupo de mensagens.",medio,investimento_duvidoso,sintetico_v1,treino
msg_01609,"Oi! Seu currículo foi selecionado para uma oportunidade de R$ 480,00 por semana. Responda para saber mais. Obrigado.",medio,vaga_duvidosa,sintetico_v1,treino
msg_01611,"Sou eu, Marcos. Meu celular quebrou; não liga agora. Transfira R$ 189,90 para esta chave. Fico à disposição.",alto,falso_familiar,sintetico_v1,treino
msg_01612,Olá! A equipe vai revisar o documento terça-feira antes da reunião. Depois conversamos sobre os ajustes. Tudo bem?,baixo,trabalho_estudo,sintetico_v1,treino
msg_01614,"Um prêmio de R$ 50.000 está reservado, mas é necessário pagar o imposto antecipadamente.",alto,premio_com_taxa,sintetico_v1,treino
msg_01615,"Boa tarde! O pedido 61973 com o computador saiu para entrega. Você já estava acompanhando pelo aplicativo. Qualquer dúvida, responda por aqui.",baixo,entrega_esperada,sintetico_v1,treino
msg_01616,"Para cancelar a compra, preciso que você diga o token que apareceu no aplicativo.",alto,codigo_verificacao,sintetico_v1,treino
msg_01617,Seu protocolo 61973 foi atualizado. Consulte o andamento pelo menu de segurança do aplicativo. Aguardo seu retorno.,baixo,suporte_solicitado,sintetico_v1,treino
msg_01618,Opa! A entrega que combinamos foi reagendada para sexta-feira às 9h30. Obrigado.,baixo,entrega_esperada,sintetico_v1,treino
msg_01619,"Boa noite! Pai, este é meu contato novo. Preciso pagar uma conta urgente e depois devolvo o dinheiro! Tudo bem?",alto,falso_familiar,sintetico_v1,treino
msg_01620,"Oi! A divisão da conta ficou em R$ 189,90 para cada pessoa. Atenciosamente.",baixo,pagamento_conhecido,sintetico_v1,treino
msg_01621,"Olá, tudo certo? A alteração de senha solicitada por você foi concluída. Se não reconhecer, entre no site oficial digitado no navegador sem usar links da mensagem.",baixo,recuperacao_solicitada,sintetico_v1,treino
msg_01622,Seu acesso pelo computador Windows foi confirmado no aplicativo que você abriu. Tudo bem?,baixo,recuperacao_solicitada,sintetico_v1,treino
msg_01623,Boa noite! O pagamento do fone de ouvido está preso. Pague uma taxa fora da plataforma para liberar a venda. Responda quando puder.,alto,fraude_marketplace,sintetico_v1,treino
msg_01624,"O suporte encerrou o chamado. Caso o problema continue, responda pelo canal em que você iniciou o atendimento. Fico à disposição.",baixo,suporte_solicitado,sintetico_v1,treino
msg_01625,"Olá, tudo certo? Sou eu, Larissa. Meu celular quebrou; não liga agora. Transfira R$ 1.200,00 para esta chave! Pode confirmar o recebimento?",alto,falso_familiar,sintetico_v1,treino
msg_01626,"Você foi selecionado para comprar um livro por R$ 42,00. A quantidade é limitada. Atenciosamente.",medio,oferta_improvavel,sintetico_v1,treino
msg_01628,"Seu protocolo 10482 foi atualizado. Consulte o andamento pelo telefone que está no cartão. Qualquer dúvida, responda por aqui.",baixo,suporte_solicitado,sintetico_v1,treino
msg_01629,Oi! Você foi aprovado para uma vaga à qual não se lembra de ter se candidatado. Confirme seu interesse.,medio,vaga_duvidosa,sintetico_v1,treino
msg_01630,Existe uma ordem contra você. Faça o Pix solicitado para evitar consequências legais. Responda quando puder.,alto,ameaca_bloqueio,sintetico_v1,treino
msg_01631,"Olá! Recebi o pagamento de R$ 1.200,00 que você tinha avisado. Está tudo certo. Fico à disposição.",baixo,pagamento_conhecido,sintetico_v1,treino
msg_01632,Detectamos uma tentativa de acesso por um computador Windows. Verifique a atividade no link desta mensagem. Pode confirmar o recebimento?,medio,acesso_incomum,sintetico_v1,treino
msg_01634,"Olá! Acesse suporte-verificacao.example e informe usuário, senha e CPF para evitar a suspensão da conta. Tudo bem?",alto,phishing_credenciais,sintetico_v1,treino
msg_01635,"Ei, tudo bem? Temos uma oportunidade com preço muito abaixo do mercado e entrega imediata. Qualquer dúvida, responda por aqui.",medio,oferta_improvavel,sintetico_v1,treino
msg_01637,"Sua opinião vale um cupom de R$ 75,50. Preencha o formulário enviado por mensagem. Qualquer dúvida, responda por aqui.",medio,pesquisa_com_premio,sintetico_v1,treino
msg_01638,"Opa! Confirmamos o cancelamento pedido por você. O estorno de R$ 75,50 aparecerá na próxima fatura. Qualquer dúvida, responda por aqui.",baixo,suporte_solicitado,sintetico_v1,treino
msg_01639,Oi! Você foi convidado para avaliar nosso atendimento e poderá receber uma recompensa. Me avise quando puder.,medio,pesquisa_com_premio,sintetico_v1,treino
msg_01640,Oi! Sua compra de teclado será entregue hoje. Não é necessário realizar pagamento adicional. Me avise quando puder.,baixo,entrega_esperada,sintetico_v1,treino
msg_01641,Oi! Seu número foi sorteado. Envie um Pix de liberação antes de resgatar o valor. Responda quando puder.,alto,premio_com_taxa,sintetico_v1,treino
msg_01642,"Boa noite! Se não pagar R$ 18,90 agora, seu CPF será bloqueado e a polícia será acionada. Tudo bem?",alto,ameaca_bloqueio,sintetico_v1,treino
msg_01643,Boa tarde! Lembrete de segurança: nunca informe sua senha ou código de verificação por mensagem. Consulte sempre o aplicativo oficial. Aguardo seu retorno.,baixo,aviso_seguranca,sintetico_v1,treino
msg_01646,"Opa! Sou o diretor e estou em reunião. Faça um Pix de R$ 1.200,00 para este fornecedor novo sem avisar a equipe. Obrigado.",alto,fraude_executivo,sintetico_v1,treino
msg_01648,"A compra de R$ 480,00 feita por você já aparece no histórico do cartão. Responda quando puder.",baixo,informativo_financeiro,sintetico_v1,treino
msg_01649,Boa tarde! O código de acesso foi enviado porque você pediu. Nenhum atendente solicitará esse código por telefone ou conversa. Tudo bem?,baixo,recuperacao_solicitada,sintetico_v1,treino
msg_01651,"Confirmamos o cancelamento pedido por você. O estorno de R$ 189,90 aparecerá na próxima fatura. Aguardo seu retorno.",baixo,suporte_solicitado,sintetico_v1,treino
msg_01653,"Identificamos uma cobrança de R$ 120,00 vinculada ao seu nome. Entre em contato para consultar.",medio,cobranca_duvidosa,sintetico_v1,treino
msg_01654,"Olá, tudo certo? A empresa exige pagamento antecipado para cadastrar seu salário e confirmar a contratação! Atenciosamente.",alto,vaga_com_taxa,sintetico_v1,treino
msg_01655,Precisamos validar seu telefone e endereço para manter o serviço ativo! Me avise quando puder.,medio,atualizacao_cadastral,sintetico_v1,treino
msg_01656,"Tiago, lembre-se da consulta quarta-feira às 11h. A clínica já confirmou por telefone. Aguardo seu retorno.",baixo,lembrete_pessoal,sintetico_v1,treino
msg_01657,Bom dia! Enviei a versão atualizada do trabalho para o grupo da turma. Não precisa responder agora. Aguardo seu retorno.,baixo,trabalho_estudo,sintetico_v1,treino
msg_01658,"Ei, tudo bem? Temos poucas vagas para uma operação de investimento automatizada. Responda quando puder.",medio,investimento_duvidoso,sintetico_v1,treino
msg_01661,Desconsidere a cobrança original e use este QR Code para quitar a parcela imediatamente! Pode confirmar o recebimento?,alto,boleto_falso,sintetico_v1,treino
msg_01662,Bom dia! Continue a negociação fora do aplicativo e clique no link para cadastrar sua conta bancária. Aguardo seu retorno.,alto,fraude_marketplace,sintetico_v1,treino
msg_01665,"Comece investindo R$ 42,00 e acompanhe os resultados pelo grupo de mensagens. Confira quando puder.",medio,investimento_duvidoso,sintetico_v1,treino
msg_01666,"Opa! Você foi selecionado para comprar um tênis por R$ 120,00. A quantidade é limitada. Aguardo seu retorno.",medio,oferta_improvavel,sintetico_v1,treino
msg_01667,"Olá, tudo certo? João, lembre-se da consulta terça-feira às 11h. A clínica já confirmou por telefone! Fico à disposição.",baixo,lembrete_pessoal,sintetico_v1,treino
msg_01668,Boa tarde! Seu pacote pode ser devolvido ao remetente. Verifique o status no link recebido nesta conversa. Tudo bem?,medio,entrega_pendente,sintetico_v1,treino
msg_01669,Boa noite! Responda a uma pesquisa rápida e concorra a um relógio. Acesse suporte-verificacao.example. Pode confirmar o recebimento?,medio,pesquisa_com_premio,sintetico_v1,treino
msg_01670,"Ei, tudo bem? Precisamos validar seu telefone e endereço para manter o serviço ativo. Qualquer dúvida, responda por aqui.",medio,atualizacao_cadastral,sintetico_v1,treino
msg_01673,Oi! O código de acesso foi enviado porque você pediu. Nenhum atendente solicitará esse código por telefone ou conversa. Me avise quando puder.,baixo,recuperacao_solicitada,sintetico_v1,treino
msg_01674,"Boa noite! Sou eu, Patrícia. Meu celular quebrou; não liga agora. Transfira R$ 18,90 para esta chave. Pode confirmar o recebimento?",alto,falso_familiar,sintetico_v1,treino
msg_01676,Olá! O pedido 89206 com o fone de ouvido saiu para entrega. Você já estava acompanhando pelo aplicativo. Fico à disposição.,baixo,entrega_esperada,sintetico_v1,treino
msg_01677,Seu protocolo 10482 foi atualizado. Consulte o andamento pelo canal oficial de atendimento. Atenciosamente.,baixo,suporte_solicitado,sintetico_v1,treino
msg_01678,"Ei, tudo bem? Você foi selecionado para comprar um tênis por R$ 18,90. A quantidade é limitada! Aguardo seu retorno.",medio,oferta_improvavel,sintetico_v1,treino
msg_01679,"Boa noite! Recebi o pagamento de R$ 18,90 que você tinha avisado. Está tudo certo! Atenciosamente.",baixo,pagamento_conhecido,sintetico_v1,treino
msg_01682,Boa tarde! Você foi convidado para avaliar nosso atendimento e poderá receber uma recompensa. Confira quando puder.,medio,pesquisa_com_premio,sintetico_v1,treino
msg_01683,Boa tarde! Meu presente ficou retido na alfândega. Pague a taxa para que ele seja entregue a você. Pode confirmar o recebimento?,alto,fraude_romantica,sintetico_v1,treino
msg_01684,"Ei, tudo bem? A empresa exige pagamento antecipado para cadastrar seu salário e confirmar a contratação. Obrigado.",alto,vaga_com_taxa,sintetico_v1,treino
msg_01686,"Seu currículo foi selecionado para uma oportunidade de R$ 18,90 por semana. Responda para saber mais! Qualquer dúvida, responda por aqui.",medio,vaga_duvidosa,sintetico_v1,treino
msg_01688,"Ei, tudo bem? Preciso que faça um Pix de R$ 75,50 agora. Depois explico o motivo. Tudo bem?",alto,pix_urgente,sintetico_v1,treino
msg_01690,Seus dados cadastrais precisam ser atualizados. Inicie a revisão em confirmacao-imediata.example!,medio,atualizacao_cadastral,sintetico_v1,treino
msg_01691,"O atendimento foi encerrado. Nenhum funcionário pedirá sua senha depois desta conversa. Qualquer dúvida, responda por aqui.",baixo,aviso_seguranca,sintetico_v1,treino
msg_01692,"Para cancelar a compra, preciso que você diga o token que apareceu no aplicativo. Confira quando puder.",alto,codigo_verificacao,sintetico_v1,treino
msg_01694,"Ei, tudo bem? Há um valor público disponível no seu CPF. Informe a senha bancária para receber. Responda quando puder.",alto,beneficio_com_taxa,sintetico_v1,treino
msg_01696,"Oi! Vou chegar às 8h. Se mudar alguma coisa, eu aviso por aqui. Obrigado! Atenciosamente.",baixo,conversa_cotidiana,sintetico_v1,treino
msg_01697,Bom dia! Temos poucas vagas para uma operação de investimento automatizada. Aguardo seu retorno.,medio,investimento_duvidoso,sintetico_v1,treino
msg_01698,Boa noite! Detectamos uma tentativa de acesso por um iPhone. Verifique a atividade no link desta mensagem. Me avise quando puder.,medio,acesso_incomum,sintetico_v1,treino
msg_01699,"A fatura fechou em R$ 480,00. Confira os lançamentos diretamente no aplicativo antes do vencimento! Tudo bem?",baixo,informativo_financeiro,sintetico_v1,treino
msg_01700,Oi! Último aviso: pague por esta chave desconhecida ou todos os seus dados serão divulgados. Confira quando puder.,alto,ameaca_bloqueio,sintetico_v1,treino
msg_01701,"Ei, tudo bem? Encontramos uma divergência no CEP da sua entrega. Confirme as informações ainda hoje. Confira quando puder.",medio,entrega_pendente,sintetico_v1,treino
msg_01702,Responda a uma pesquisa rápida e concorra a um tênis. Acesse premio-resgate.example! Tudo bem?,medio,pesquisa_com_premio,sintetico_v1,treino
msg_01703,Bom dia! O pedido 61973 com o carregador saiu para entrega. Você já estava acompanhando pelo aplicativo! Pode confirmar o recebimento?,baixo,entrega_esperada,sintetico_v1,treino
msg_01704,"Ei, tudo bem? Lembrete de segurança: nunca informe sua senha ou código de verificação por mensagem. Consulte sempre o aplicativo oficial. Responda quando puder.",baixo,aviso_seguranca,sintetico_v1,treino
msg_01708,"Olá, tudo certo? O produto está disponível, mas confirme pessoalmente antes de efetuar qualquer pagamento. Responda quando puder.",baixo,compra_presencial,sintetico_v1,treino
msg_01710,"Quero muito encontrar você, mas preciso de R$ 189,90 para comprar a passagem. Não conte a ninguém. Me avise quando puder.",alto,fraude_romantica,sintetico_v1,treino
msg_01712,Um funcionário ligará para recolher seu cartão e pedirá a senha para concluir o cancelamento. Responda quando puder.,alto,falso_banco,sintetico_v1,treino
msg_01713,Oi! A atualização anual da conta está disponível por meio do link enviado. Fico à disposição.,medio,atualizacao_cadastral,sintetico_v1,treino
msg_01717,Boa tarde! A recompensa expira hoje. Faça o depósito da taxa e envie o comprovante nesta conversa.,alto,premio_com_taxa,sintetico_v1,treino
msg_01718,Opa! O suporte precisa controlar seu notebook. Baixe o programa enviado e aceite todas as permissões. Tudo bem?,alto,acesso_remoto,sintetico_v1,treino
msg_01720,"Ei, tudo bem? Para bloquear uma operação de R$ 75,50, instale o aplicativo de segurança indicado pelo atendente! Atenciosamente.",alto,falso_banco,sintetico_v1,treino
msg_01721,Preciso que compre cartões-presente agora e envie os códigos por mensagem. É confidencial. Responda quando puder.,alto,fraude_executivo,sintetico_v1,treino
msg_01722,Bom dia! Seu CPF pode ter uma pendência financeira. Consulte as condições no endereço enviado. Confira quando puder.,medio,cobranca_duvidosa,sintetico_v1,treino
msg_01723,"Boa noite! Não consigo falar por telefone. Mande R$ 480,00 por Pix e não avise mais ninguém. Atenciosamente.",alto,pix_urgente,sintetico_v1,treino
msg_01724,Boa noite! Estou usando um número pessoal. Pague a nota enviada e não confirme com mais ninguém. Atenciosamente.,alto,fraude_executivo,sintetico_v1,treino
msg_01725,Precisamos validar seu telefone e endereço para manter o serviço ativo! Obrigado.,medio,atualizacao_cadastral,sintetico_v1,treino
msg_01728,"Olá! Se não pagar R$ 250,00 agora, seu CPF será bloqueado e a polícia será acionada. Fico à disposição.",alto,ameaca_bloqueio,sintetico_v1,treino
msg_01730,Bom dia! Nossa plataforma garante 20% ao dia. Transfira o valor para a conta do consultor! Tudo bem?,alto,investimento_garantido,sintetico_v1,treino
msg_01731,Bom dia! Sua conta será bloqueada. Confirme agora a senha e os dados do cartão no formulário enviado. Aguardo seu retorno.,alto,phishing_credenciais,sintetico_v1,treino
msg_01732,A verificação em duas etapas foi ativada por você. Guarde os códigos de recuperação em local seguro. Me avise quando puder.,baixo,recuperacao_solicitada,sintetico_v1,treino
msg_01733,O investimento apresentou variação neste mês; rentabilidade passada não garante retorno futuro. Pode confirmar o recebimento?,baixo,informativo_financeiro,sintetico_v1,treino
msg_01735,Olá! Você foi aprovado para uma vaga à qual não se lembra de ter se candidatado. Confirme seu interesse! Responda quando puder.,medio,vaga_duvidosa,sintetico_v1,treino
msg_01736,"Invista R$ 42,00 hoje e receba o dobro amanhã, com lucro garantido e sem risco! Pode confirmar o recebimento?",alto,investimento_garantido,sintetico_v1,treino
msg_01739,"Olá, tudo certo? Seu acesso pelo notebook foi confirmado no aplicativo que você abriu. Confira quando puder.",baixo,recuperacao_solicitada,sintetico_v1,treino
msg_01740,Oi! O pagamento do benefício depende de uma taxa via Pix para este atendente. Aguardo seu retorno.,alto,beneficio_com_taxa,sintetico_v1,treino
msg_01742,O aniversário da Tiago será amanhã às 14h. Cada pessoa pode levar alguma coisa. Me avise quando puder.,baixo,lembrete_pessoal,sintetico_v1,treino
msg_01743,Boa noite! Sua sessão pode ter expirado. Faça uma nova validação para continuar utilizando o serviço! Tudo bem?,medio,acesso_incomum,sintetico_v1,treino
msg_01744,O suporte precisa controlar seu celular Android. Baixe o programa enviado e aceite todas as permissões. Pode confirmar o recebimento?,alto,acesso_remoto,sintetico_v1,treino
msg_01745,Sua conta será bloqueada. Confirme agora a senha e os dados do cartão no formulário enviado. Atenciosamente.,alto,phishing_credenciais,sintetico_v1,treino
msg_01746,Seu CPF pode ter uma pendência financeira. Consulte as condições no endereço enviado. Responda quando puder.,medio,cobranca_duvidosa,sintetico_v1,treino
msg_01748,Opa! O banco informa que não existe taxa para liberar estorno ou cancelar transferência. Atenciosamente.,baixo,informativo_financeiro,sintetico_v1,treino
msg_01750,Acabei de enviar um código de seis dígitos para seu celular. Informe o código aqui para confirmar o atendimento. Confira quando puder.,alto,codigo_verificacao,sintetico_v1,treino
msg_01751,"A vaga é sua, mas precisamos de um Pix para liberar o exame admissional! Atenciosamente.",alto,vaga_com_taxa,sintetico_v1,treino
msg_01752,Opa! O investimento apresentou variação neste mês; rentabilidade passada não garante retorno futuro. Pode confirmar o recebimento?,baixo,informativo_financeiro,sintetico_v1,treino
msg_01754,Bom dia! Responda a uma pesquisa rápida e concorra a um relógio. Acesse conta-pendente.example. Me avise quando puder.,medio,pesquisa_com_premio,sintetico_v1,treino
msg_01756,"A fatura fechou em R$ 1.200,00. Confira os lançamentos diretamente no aplicativo antes do vencimento. Pode confirmar o recebimento?",baixo,informativo_financeiro,sintetico_v1,treino
msg_01758,"Olá! Há uma atualização disponível para sua conta em suporte-verificacao.example. Caso já tenha resolvido, ignore! Qualquer dúvida, responda por aqui.",medio,link_nao_solicitado,sintetico_v1,treino
msg_01759,"Ei, tudo bem? Há um valor público disponível no seu CPF. Informe a senha bancária para receber. Qualquer dúvida, responda por aqui.",alto,beneficio_com_taxa,sintetico_v1,treino
msg_01760,"Boa noite! Seu acordo só será mantido se o boleto de R$ 42,00 for pago nos próximos minutos. Atenciosamente.",alto,boleto_falso,sintetico_v1,treino
msg_01761,"Oi! O investimento apresentou variação neste mês; rentabilidade passada não garante retorno futuro. Qualquer dúvida, responda por aqui.",baixo,informativo_financeiro,sintetico_v1,treino
msg_01762,"Olá, tudo certo? Você ganhou sem participar de sorteio. Confirme os dados do cartão para receber! Fico à disposição.",alto,premio_com_taxa,sintetico_v1,treino
msg_01763,Opa! Sua compra de fone de ouvido será entregue segunda-feira. Não é necessário realizar pagamento adicional! Confira quando puder.,baixo,entrega_esperada,sintetico_v1,treino
msg_01764,"Ei, tudo bem? Nossa plataforma garante 20% ao dia. Transfira o valor para a conta do consultor. Confira quando puder.",alto,investimento_garantido,sintetico_v1,treino
msg_01766,"Boa noite! Estou falando em nome da empresa sobre uma solicitação no seu CPF. Qualquer dúvida, responda por aqui.",medio,contato_desconhecido,sintetico_v1,treino
msg_01767,"Ei, tudo bem? Meu presente ficou retido na alfândega. Pague a taxa para que ele seja entregue a você. Qualquer dúvida, responda por aqui.",alto,fraude_romantica,sintetico_v1,treino
msg_01768,"Ei, tudo bem? a instituição financeira identificou uma fraude. Para cancelar a compra, faça uma transferência para a conta de segurança. Responda quando puder.",alto,falso_banco,sintetico_v1,treino
msg_01769,Olá! Um novo dispositivo tentou acessar sua conta. Confirme se reconhece o acesso. Atenciosamente.,medio,acesso_incomum,sintetico_v1,treino
msg_01770,Boa noite! Seu protocolo 23817 foi atualizado. Consulte o andamento pelo menu de segurança do aplicativo. Me avise quando puder.,baixo,suporte_solicitado,sintetico_v1,treino
msg_01771,Boa noite! Você consegue me encontrar na empresa sábado às 11h? Obrigado.,baixo,conversa_cotidiana,sintetico_v1,treino
msg_01772,Opa! O cadastro pode ficar limitado por falta de confirmação. Responda para receber as instruções. Aguardo seu retorno.,medio,atualizacao_cadastral,sintetico_v1,treino
msg_01773,Há um valor público disponível no seu CPF. Informe a senha bancária para receber. Me avise quando puder.,alto,beneficio_com_taxa,sintetico_v1,treino
msg_01775,Boa tarde! O pedido 10482 está parado no centro de distribuição. Consulte a pendência em confirmacao-imediata.example. Aguardo seu retorno.,medio,entrega_pendente,sintetico_v1,treino
msg_01776,"Opa! O pedido 35109 está parado no centro de distribuição. Consulte a pendência em entrega-atualiza.example. Qualquer dúvida, responda por aqui.",medio,entrega_pendente,sintetico_v1,treino
msg_01778,"Você foi selecionado para comprar um casaco por R$ 42,00. A quantidade é limitada! Aguardo seu retorno.",medio,oferta_improvavel,sintetico_v1,treino
msg_01779,"Para bloquear uma operação de R$ 480,00, instale o aplicativo de segurança indicado pelo atendente. Fico à disposição.",alto,falso_banco,sintetico_v1,treino
msg_01780,"Olá! O endereço do pedido 10482 foi confirmado no momento da compra. Qualquer dúvida, responda por aqui.",baixo,entrega_esperada,sintetico_v1,treino
msg_01784,"Recebemos uma solicitação de cobrança, mas precisamos confirmar se os dados estão corretos. Fico à disposição.",medio,cobranca_duvidosa,sintetico_v1,treino
msg_01785,"Olá, tudo certo? A reserva para segunda-feira está no nome de Carla e será paga no local. Confira quando puder.",baixo,lembrete_pessoal,sintetico_v1,treino
msg_01786,"Olá, tudo certo? Vou chegar no fim da tarde. Se mudar alguma coisa, eu aviso por aqui. Obrigado! Fico à disposição.",baixo,conversa_cotidiana,sintetico_v1,treino
msg_01787,"Olá, tudo certo? Precisamos validar seu telefone e endereço para manter o serviço ativo. Aguardo seu retorno.",medio,atualizacao_cadastral,sintetico_v1,treino
msg_01788,"Uma empresa encontrou seu perfil e quer fazer a entrevista somente por mensagens. Qualquer dúvida, responda por aqui.",medio,vaga_duvidosa,sintetico_v1,treino
msg_01789,Oi! Sou do atendimento e preciso validar algumas informações antes de continuar.,medio,contato_desconhecido,sintetico_v1,treino
msg_01791,Deixei a chave com Helena. Pode buscar terça-feira às 9h30. Aguardo seu retorno.,baixo,lembrete_pessoal,sintetico_v1,treino
msg_01792,Boa noite! Enviei a versão atualizada do trabalho para o grupo da turma. Me avise quando puder.,baixo,trabalho_estudo,sintetico_v1,treino
msg_01795,Opa! Encontramos uma pendência no seu cadastro. Veja os detalhes em premio-resgate.example. O acesso ficará disponível por algumas horas. Pode confirmar o recebimento?,medio,link_nao_solicitado,sintetico_v1,treino
msg_01796,"Ei, tudo bem? Temos um assunto particular para tratar com você. Confirme se este número é seu. Pode confirmar o recebimento?",medio,contato_desconhecido,sintetico_v1,treino
msg_01799,Há informações incompletas no seu perfil. Confirme os dados para evitar problemas futuros. Obrigado.,medio,atualizacao_cadastral,sintetico_v1,treino
msg_01800,"O pagamento do tênis está preso. Pague uma taxa fora da plataforma para liberar a venda! Qualquer dúvida, responda por aqui.",alto,fraude_marketplace,sintetico_v1,treino
msg_01801,O código de barras mudou por erro no sistema. Faça o pagamento para uma pessoa física. Confira quando puder.,alto,boleto_falso,sintetico_v1,treino
msg_01803,Opa! Sua sessão pode ter expirado. Faça uma nova validação para continuar utilizando o serviço! Responda quando puder.,medio,acesso_incomum,sintetico_v1,treino
msg_01805,Encontramos uma divergência no CEP da sua entrega. Confirme as informações ainda hoje. Pode confirmar o recebimento?,medio,entrega_pendente,sintetico_v1,treino
msg_01806,O acesso foi limitado. Envie seus dados de login nesta conversa para liberar novamente! Atenciosamente.,alto,phishing_credenciais,sintetico_v1,treino
msg_01808,"Ei, tudo bem? Uma entrega está aguardando sua confirmação, mas a mensagem não informa qual compra originou o envio! Qualquer dúvida, responda por aqui.",medio,entrega_pendente,sintetico_v1,treino
msg_01810,"Opa! Bruno, lembre-se da consulta quarta-feira às 9h30. A clínica já confirmou por telefone. Responda quando puder.",baixo,lembrete_pessoal,sintetico_v1,treino
msg_01811,Compartilhe o código recebido por SMS para provar que a linha pertence a você. Atenciosamente.,alto,codigo_verificacao,sintetico_v1,treino
msg_01813,Sua conta será bloqueada. Confirme agora a senha e os dados do cartão no formulário enviado! Responda quando puder.,alto,phishing_credenciais,sintetico_v1,treino
msg_01814,"Olá, tudo certo? Você ganhou sem participar de sorteio. Confirme os dados do cartão para receber. Obrigado.",alto,premio_com_taxa,sintetico_v1,treino
msg_01817,"Boa noite! Você recebeu um documento para consultar no endereço entrega-atualiza.example. Caso já tenha resolvido, ignore. Aguardo seu retorno.",medio,link_nao_solicitado,sintetico_v1,treino
msg_01818,Boa tarde! A transferência precisa ser feita nos próximos minutos para resolver o problema.,alto,pix_urgente,sintetico_v1,treino
msg_01819,"Olá, tudo certo? Para corrigir a conta, compartilhe sua tela enquanto abre o aplicativo do banco. Aguardo seu retorno.",alto,acesso_remoto,sintetico_v1,treino
msg_01820,Opa! Encontramos uma divergência no CEP da sua entrega. Confirme as informações ainda hoje. Confira quando puder.,medio,entrega_pendente,sintetico_v1,treino
msg_01821,"Olá! Sua opinião vale um cupom de R$ 120,00. Preencha o formulário enviado por mensagem. Me avise quando puder.",medio,pesquisa_com_premio,sintetico_v1,treino
msg_01822,Bom dia! Não esqueça de levar o documento para a matrícula na empresa. Me avise quando puder.,baixo,lembrete_pessoal,sintetico_v1,treino
msg_01824,Seu protocolo 61973 foi atualizado. Consulte o andamento pelo menu de segurança do aplicativo. Obrigado.,baixo,suporte_solicitado,sintetico_v1,treino
msg_01825,"Olá, tudo certo? O atendimento foi encerrado. Nenhum funcionário pedirá sua senha depois desta conversa! Obrigado.",baixo,aviso_seguranca,sintetico_v1,treino
msg_01828,"Ei, tudo bem? A equipe vai revisar o documento amanhã antes da reunião. Qualquer dúvida, me chama. Fico à disposição.",baixo,trabalho_estudo,sintetico_v1,treino
msg_01830,"Boa noite! Seu reembolso tributário foi aprovado. Pague R$ 18,90 para liberar o depósito. Aguardo seu retorno.",alto,beneficio_com_taxa,sintetico_v1,treino
msg_01831,Olá! O cadastro pode ficar limitado por falta de confirmação. Responda para receber as instruções. Pode confirmar o recebimento?,medio,atualizacao_cadastral,sintetico_v1,treino
msg_01832,"Olá, tudo certo? A mensalidade de R$ 189,90 apareceu normalmente no aplicativo do banco. Obrigado.",baixo,pagamento_conhecido,sintetico_v1,treino
msg_01833,Há informações incompletas no seu perfil. Confirme os dados para evitar problemas futuros. Me avise quando puder.,medio,atualizacao_cadastral,sintetico_v1,treino
msg_01834,"Olá, tudo certo? Recebi o tênis do pedido 35109. A caixa chegou em boas condições!",baixo,entrega_esperada,sintetico_v1,treino
msg_01835,Oi! Existe um débito pendente com vencimento hoje. A origem não foi informada nesta mensagem. Pode confirmar o recebimento?,medio,cobranca_duvidosa,sintetico_v1,treino
msg_01836,Boa noite! O suporte precisa controlar seu iPhone. Baixe o programa enviado e aceite todas as permissões. Tudo bem?,alto,acesso_remoto,sintetico_v1,treino
msg_01837,"Ei, tudo bem? Acesse suporte-verificacao.example para conferir uma informação importante. Caso já tenha resolvido, ignore! Confira quando puder.",medio,link_nao_solicitado,sintetico_v1,treino
msg_01841,Olá! A apresentação ficou marcada para hoje depois do almoço. Depois conversamos sobre os ajustes. Me avise quando puder.,baixo,trabalho_estudo,sintetico_v1,treino
msg_01843,"Boa tarde! Identificamos uma cobrança de R$ 18,90 vinculada ao seu nome. Entre em contato para consultar. Qualquer dúvida, responda por aqui.",medio,cobranca_duvidosa,sintetico_v1,treino
msg_01844,"Olá! Vou chegar às 11h. Se mudar alguma coisa, eu aviso por aqui. Tudo certo por aqui! Responda quando puder.",baixo,conversa_cotidiana,sintetico_v1,treino
msg_01845,"Oi! O produto está disponível, mas confirme pessoalmente antes de efetuar qualquer pagamento. Qualquer dúvida, responda por aqui.",baixo,compra_presencial,sintetico_v1,treino
msg_01846,"Seu currículo foi selecionado para uma oportunidade de R$ 75,50 por semana. Responda para saber mais.",medio,vaga_duvidosa,sintetico_v1,treino
msg_01847,"Bom dia! Encontramos uma pendência no seu cadastro. Veja os detalhes em confirmacao-imediata.example. Qualquer dúvida, responda por aqui.",medio,link_nao_solicitado,sintetico_v1,treino
msg_01848,"Mãe, troquei de número e estou sem acesso ao banco. Faz um Pix de R$ 250,00 para meu amigo? Obrigado.",alto,falso_familiar,sintetico_v1,treino
msg_01851,Existe um débito pendente com vencimento terça-feira. A origem não foi informada nesta mensagem. Fico à disposição.,medio,cobranca_duvidosa,sintetico_v1,treino
msg_01853,"Olá, tudo certo? Você recebeu um documento para consultar no endereço conta-pendente.example. Caso já tenha resolvido, ignore. Confira quando puder.",medio,link_nao_solicitado,sintetico_v1,treino
msg_01856,"Olá, tudo certo? Compartilhe o código recebido por SMS para provar que a linha pertence a você! Pode confirmar o recebimento?",alto,codigo_verificacao,sintetico_v1,treino
msg_01857,"Boa tarde! Mãe, troquei de número e estou sem acesso ao banco. Faz um Pix de R$ 18,90 para meu amigo? Qualquer dúvida, responda por aqui.",alto,falso_familiar,sintetico_v1,treino
msg_01858,"Boa noite! A verificação em duas etapas foi ativada por você. Guarde os códigos de recuperação em local seguro. Qualquer dúvida, responda por aqui.",baixo,recuperacao_solicitada,sintetico_v1,treino
msg_01860,Boa tarde! Meu presente ficou retido na alfândega. Pague a taxa para que ele seja entregue a você. Me avise quando puder.,alto,fraude_romantica,sintetico_v1,treino
msg_01861,Deposite a taxa do uniforme hoje e receba o contrato somente depois do pagamento. Aguardo seu retorno.,alto,vaga_com_taxa,sintetico_v1,treino
msg_01862,Olá! Encontramos uma pendência no seu cadastro. Veja os detalhes em premio-resgate.example. Confira quando puder.,medio,link_nao_solicitado,sintetico_v1,treino
msg_01863,"Mãe, troquei de número e estou sem acesso ao banco. Faz um Pix de R$ 189,90 para meu amigo? Fico à disposição.",alto,falso_familiar,sintetico_v1,treino
msg_01864,Seu número foi sorteado. Envie um Pix de liberação antes de resgatar o valor. Atenciosamente.,alto,premio_com_taxa,sintetico_v1,treino
msg_01865,Sua encomenda não pôde ser entregue por dados incompletos. Atualize o endereço em premio-resgate.example. Me avise quando puder.,medio,entrega_pendente,sintetico_v1,treino
msg_01866,Deposite a taxa do uniforme hoje e receba o contrato somente depois do pagamento. Obrigado.,alto,vaga_com_taxa,sintetico_v1,treino
msg_01869,"Ei, tudo bem? Sou do atendimento e preciso validar algumas informações antes de continuar. Obrigado.",medio,contato_desconhecido,sintetico_v1,treino
msg_01870,O boleto anterior foi cancelado. Pague somente o novo código enviado por este número desconhecido. Aguardo seu retorno.,alto,boleto_falso,sintetico_v1,treino
msg_01871,"Boa tarde! Meu aplicativo travou e preciso pagar uma conta urgente. Transfira R$ 1.200,00 para esta chave nova. Pode confirmar o recebimento?",alto,pix_urgente,sintetico_v1,treino
msg_01872,Instale esta ferramenta de segurança fora da loja oficial e desative a proteção do aparelho. Obrigado.,alto,acesso_remoto,sintetico_v1,treino
msg_01873,Você foi convidado para avaliar nosso atendimento e poderá receber uma recompensa. Fico à disposição.,medio,pesquisa_com_premio,sintetico_v1,treino
msg_01875,Uma pesquisa não solicitada pede informações de contato para liberar um brinde. Aguardo seu retorno.,medio,pesquisa_com_premio,sintetico_v1,treino
msg_01877,Boa noite! Meu presente ficou retido na alfândega. Pague a taxa para que ele seja entregue a você.,alto,fraude_romantica,sintetico_v1,treino
msg_01878,"Olá! Trabalho simples pelo celular, horários livres e pagamento diário. Peça as instruções! Confira quando puder.",medio,vaga_duvidosa,sintetico_v1,treino
msg_01880,Boa tarde! A apresentação ficou marcada para hoje no fim da tarde! Aguardo seu retorno.,baixo,trabalho_estudo,sintetico_v1,treino
msg_01881,Olá! Sua sessão pode ter expirado. Faça uma nova validação para continuar utilizando o serviço. Responda quando puder.,medio,acesso_incomum,sintetico_v1,treino
msg_01882,Olá! Acesse confirmacao-imediata.example para conferir uma informação importante. Confira quando puder.,medio,link_nao_solicitado,sintetico_v1,treino
msg_01883,"Seu reembolso tributário foi aprovado. Pague R$ 120,00 para liberar o depósito. Qualquer dúvida, responda por aqui.",alto,beneficio_com_taxa,sintetico_v1,treino
msg_01884,"Boa tarde! Seu acordo só será mantido se o boleto de R$ 42,00 for pago nos próximos minutos. Me avise quando puder.",alto,boleto_falso,sintetico_v1,treino
msg_01885,Estou usando um número pessoal. Pague a nota enviada e não confirme com mais ninguém. Aguardo seu retorno.,alto,fraude_executivo,sintetico_v1,treino
msg_01887,"Oi! A compra de R$ 75,50 feita por você já aparece no histórico do cartão.",baixo,informativo_financeiro,sintetico_v1,treino
msg_01888,Boa tarde! Passei no mercado e já comprei o que estava na lista. Obrigado! Tudo bem?,baixo,conversa_cotidiana,sintetico_v1,treino
msg_01890,Olá! Você iniciou uma recuperação de senha no site oficial digitado no navegador. Digite o código somente na tela que você abriu e não o compartilhe. Me avise quando puder.,baixo,recuperacao_solicitada,sintetico_v1,treino
msg_01892,O banco informa que não existe taxa para liberar estorno ou cancelar transferência! Obrigado.,baixo,informativo_financeiro,sintetico_v1,treino
msg_01893,Oi! Temos uma vaga de trabalho remoto com início imediato. Não é necessário processo seletivo. Atenciosamente.,medio,vaga_duvidosa,sintetico_v1,treino
msg_01895,"Invista R$ 120,00 hoje e receba o dobro amanhã, com lucro garantido e sem risco. Me avise quando puder.",alto,investimento_garantido,sintetico_v1,treino
msg_01896,Boa tarde! O boleto anterior foi cancelado. Pague somente o novo código enviado por este número desconhecido! Obrigado.,alto,boleto_falso,sintetico_v1,treino
msg_01897,"Uma entrega está aguardando sua confirmação, mas a mensagem não informa qual compra originou o envio. Confira quando puder.",medio,entrega_pendente,sintetico_v1,treino
msg_01898,"Oi! O suporte encerrou o chamado. Caso o problema continue, responda pelo canal em que você iniciou o atendimento. Tudo bem?",baixo,suporte_solicitado,sintetico_v1,treino
msg_01899,Oi! Ignore o procedimento da empresa; esta transferência é urgente e deve ficar em segredo. Pode confirmar o recebimento?,alto,fraude_executivo,sintetico_v1,treino
msg_01900,Oi! Conheça uma oportunidade de investimento com retorno acima da média. Fale com nosso consultor. Atenciosamente.,medio,investimento_duvidoso,sintetico_v1,treino
msg_01901,"Olá, tudo certo? Não esqueça de levar o documento para a matrícula na sala de estudos.",baixo,lembrete_pessoal,sintetico_v1,treino
msg_01903,Seu acesso pelo iPhone foi confirmado no aplicativo que você abriu. Atenciosamente.,baixo,recuperacao_solicitada,sintetico_v1,treino
msg_01904,Opa! O prazo para sacar o auxílio emergencial termina hoje. Faça o depósito de validação agora. Tudo bem?,alto,beneficio_com_taxa,sintetico_v1,treino
msg_01905,Olá! O pedido 89206 está parado no centro de distribuição. Consulte a pendência em conta-pendente.example. Obrigado.,medio,entrega_pendente,sintetico_v1,treino
msg_01906,"Bom dia! Vou chegar às 8h. Se mudar alguma coisa, eu aviso por aqui. Me avise quando puder. Obrigado.",baixo,conversa_cotidiana,sintetico_v1,treino
msg_01908,"o setor de segurança da conta identificou uma fraude. Para cancelar a compra, faça uma transferência para a conta de segurança. Fico à disposição.",alto,falso_banco,sintetico_v1,treino
msg_01912,"Oi! A negociação de uma dívida no valor de R$ 18,90 está disponível por tempo limitado! Tudo bem?",medio,cobranca_duvidosa,sintetico_v1,treino
msg_01913,"Oi! A apresentação ficou marcada para sábado depois do almoço. Qualquer dúvida, me chama. Fico à disposição.",baixo,trabalho_estudo,sintetico_v1,treino
msg_01914,"A fatura fechou em R$ 75,50. Confira os lançamentos diretamente no aplicativo antes do vencimento! Obrigado.",baixo,informativo_financeiro,sintetico_v1,treino
msg_01915,Olá! Existe um débito pendente com vencimento terça-feira. A origem não foi informada nesta mensagem. Confira quando puder.,medio,cobranca_duvidosa,sintetico_v1,treino
msg_01918,O código de acesso foi enviado porque você pediu. Nenhum atendente solicitará esse código por telefone ou conversa! Confira quando puder.,baixo,recuperacao_solicitada,sintetico_v1,treino
msg_01919,Bom dia! A atualização anual da conta está disponível por meio do link enviado! Fico à disposição.,medio,atualizacao_cadastral,sintetico_v1,treino
msg_01920,"Identificamos uma cobrança de R$ 18,90 vinculada ao seu nome. Entre em contato para consultar. Me avise quando puder.",medio,cobranca_duvidosa,sintetico_v1,treino
msg_01921,Boa noite! Estou falando em nome da empresa sobre uma solicitação no seu CPF. Confira quando puder.,medio,contato_desconhecido,sintetico_v1,treino
msg_01922,"Olá, tudo certo? Um prêmio de R$ 50.000 está reservado, mas é necessário pagar o imposto antecipadamente. Confira quando puder.",alto,premio_com_taxa,sintetico_v1,treino
msg_01923,O atendimento foi encerrado. Nenhum funcionário pedirá sua senha depois desta conversa.,baixo,aviso_seguranca,sintetico_v1,treino
msg_01924,Último aviso: pague por esta chave desconhecida ou todos os seus dados serão divulgados. Atenciosamente.,alto,ameaca_bloqueio,sintetico_v1,treino
msg_01925,O boleto anterior foi cancelado. Pague somente o novo código enviado por este número desconhecido. Tudo bem?,alto,boleto_falso,sintetico_v1,treino
msg_01926,"Quero muito encontrar você, mas preciso de R$ 480,00 para comprar a passagem. Não conte a ninguém. Fico à disposição.",alto,fraude_romantica,sintetico_v1,treino
msg_01927,Um funcionário ligará para recolher seu cartão e pedirá a senha para concluir o cancelamento. Pode confirmar o recebimento?,alto,falso_banco,sintetico_v1,treino
msg_01928,Uma promoção reservada para seu número termina em poucas horas. Clique para conhecer as condições. Pode confirmar o recebimento?,medio,oferta_improvavel,sintetico_v1,treino
msg_01929,A empresa exige pagamento antecipado para cadastrar seu salário e confirmar a contratação. Responda quando puder.,alto,vaga_com_taxa,sintetico_v1,treino
msg_01930,Oi! Temos uma oportunidade com preço muito abaixo do mercado e entrega imediata. Confira quando puder.,medio,oferta_improvavel,sintetico_v1,treino
msg_01931,"O comprador pagou a mais por engano. Transfira R$ 42,00 imediatamente para uma terceira pessoa!",alto,fraude_marketplace,sintetico_v1,treino
msg_01933,"Olá, tudo certo? Uma empresa encontrou seu perfil e quer fazer a entrevista somente por mensagens! Tudo bem?",medio,vaga_duvidosa,sintetico_v1,treino
msg_01934,Boa noite! Sua conta será encerrada em dez minutos. Envie a senha para impedir o bloqueio. Aguardo seu retorno.,alto,ameaca_bloqueio,sintetico_v1,treino
msg_01935,Opa! Estou usando um número pessoal. Pague a nota enviada e não confirme com mais ninguém. Obrigado.,alto,fraude_executivo,sintetico_v1,treino
msg_01936,Deixei a chave com Carla. Pode buscar sábado às 16h30. Pode confirmar o recebimento?,baixo,lembrete_pessoal,sintetico_v1,treino
msg_01938,Bom dia! A troca do carregador solicitada por você foi aprovada e não possui taxa adicional. Confira quando puder.,baixo,suporte_solicitado,sintetico_v1,treino
msg_01939,Troque o beneficiário do pagamento e ignore o documento recebido pelo canal oficial! Confira quando puder.,alto,boleto_falso,sintetico_v1,treino
msg_01940,"Identificamos uma cobrança de R$ 189,90 vinculada ao seu nome. Entre em contato para consultar! Pode confirmar o recebimento?",medio,cobranca_duvidosa,sintetico_v1,treino
msg_01943,"Opa! Parabéns, você ganhou um fone de ouvido. Pague R$ 480,00 de taxa para receber o prêmio. Confira quando puder.",alto,premio_com_taxa,sintetico_v1,treino
msg_01944,Seu acesso pelo notebook foi confirmado no aplicativo que você abriu. Pode confirmar o recebimento?,baixo,recuperacao_solicitada,sintetico_v1,treino
msg_01946,Você iniciou uma recuperação de senha no aplicativo oficial. Digite o código somente na tela que você abriu e não o compartilhe.,baixo,recuperacao_solicitada,sintetico_v1,treino
msg_01947,"Bom dia! Para corrigir a conta, compartilhe sua tela enquanto abre o aplicativo do banco. Confira quando puder.",alto,acesso_remoto,sintetico_v1,treino
msg_01949,Responda a uma pesquisa rápida e concorra a um fone de ouvido. Acesse entrega-atualiza.example. Me avise quando puder.,medio,pesquisa_com_premio,sintetico_v1,treino
msg_01950,Boa noite! O endereço do pedido 35109 foi confirmado no momento da compra.,baixo,entrega_esperada,sintetico_v1,treino
msg_01951,Instale o aplicativo de acesso remoto e informe o código da tela para remover o vírus do seu celular. Confira quando puder.,alto,acesso_remoto,sintetico_v1,treino
msg_01952,O aniversário da Larissa será terça-feira às 11h. Cada pessoa pode levar alguma coisa. Responda quando puder.,baixo,lembrete_pessoal,sintetico_v1,treino
msg_01953,Uma promoção reservada para seu número termina em poucas horas. Clique para conhecer as condições. Responda quando puder.,medio,oferta_improvavel,sintetico_v1,treino
msg_01956,"Fernanda, lembre-se da consulta hoje às 11h. A clínica já confirmou por telefone. Pode confirmar o recebimento?",baixo,lembrete_pessoal,sintetico_v1,treino
msg_01957,Olá! Você consegue me encontrar na clínica segunda-feira no fim da tarde? Até mais. Obrigado.,baixo,conversa_cotidiana,sintetico_v1,treino
msg_01959,"Olá, tudo certo? Temos um assunto particular para tratar com você. Confirme se este número é seu. Tudo bem?",medio,contato_desconhecido,sintetico_v1,treino
msg_01960,A recompensa expira hoje. Faça o depósito da taxa e envie o comprovante nesta conversa. Atenciosamente.,alto,premio_com_taxa,sintetico_v1,treino
msg_01961,Bom dia! Temos uma oportunidade com preço muito abaixo do mercado e entrega imediata. Me avise quando puder.,medio,oferta_improvavel,sintetico_v1,treino
msg_01963,"Ei, tudo bem? A atualização anual da conta está disponível por meio do link enviado. Aguardo seu retorno.",medio,atualizacao_cadastral,sintetico_v1,treino
msg_01966,"Ei, tudo bem? A alteração de senha solicitada por você foi concluída. Se não reconhecer, entre no menu de segurança do aplicativo sem usar links da mensagem. Aguardo seu retorno.",baixo,recuperacao_solicitada,sintetico_v1,treino
msg_01967,"Opa! O orçamento solicitado ficou em R$ 1.200,00. Você pode analisar sem compromisso. Pode confirmar o recebimento?",baixo,compra_presencial,sintetico_v1,treino
msg_01970,"Boa tarde! A mensalidade de R$ 120,00 apareceu normalmente no aplicativo do banco. Pode confirmar o recebimento?",baixo,pagamento_conhecido,sintetico_v1,treino
msg_01971,"Bom dia! Não consigo falar por telefone. Mande R$ 42,00 por Pix e não avise mais ninguém! Tudo bem?",alto,pix_urgente,sintetico_v1,treino
msg_01974,"Olá, tudo certo? Você foi convidado para avaliar nosso atendimento e poderá receber uma recompensa! Atenciosamente.",medio,pesquisa_com_premio,sintetico_v1,treino
msg_01975,"Boa noite! O produto está disponível, mas confirme pessoalmente antes de efetuar qualquer pagamento! Obrigado.",baixo,compra_presencial,sintetico_v1,treino
msg_01978,"Sua conta será bloqueada. Confirme agora a senha e os dados do cartão no formulário enviado. Qualquer dúvida, responda por aqui.",alto,phishing_credenciais,sintetico_v1,treino
msg_01979,"Sou eu, Carla. Meu celular quebrou; não liga agora. Transfira R$ 480,00 para esta chave.",alto,falso_familiar,sintetico_v1,treino
msg_01980,"Ei, tudo bem? Sua compra de relógio será entregue sexta-feira. Não é necessário realizar pagamento adicional. Fico à disposição.",baixo,entrega_esperada,sintetico_v1,treino
msg_01982,"Ei, tudo bem? Há informações incompletas no seu perfil. Confirme os dados para evitar problemas futuros. Me avise quando puder.",medio,atualizacao_cadastral,sintetico_v1,treino
msg_01984,"Olá, tudo certo? Instale o aplicativo de acesso remoto e informe o código da tela para remover o vírus do seu celular. Confira quando puder.",alto,acesso_remoto,sintetico_v1,treino
msg_01985,"Você foi selecionado para comprar um carregador por R$ 189,90. A quantidade é limitada. Fico à disposição.",medio,oferta_improvavel,sintetico_v1,treino
msg_01986,"Para trabalhar de casa, compre um kit diretamente com o recrutador e envie o comprovante. Atenciosamente.",alto,vaga_com_taxa,sintetico_v1,treino
msg_01989,"Boa noite! Se receber uma cobrança inesperada, confirme diretamente pelo telefone que está no cartão antes de pagar! Qualquer dúvida, responda por aqui.",baixo,aviso_seguranca,sintetico_v1,treino
msg_01990,"Conforme o chamado que você abriu, o atendimento está agendado para sexta-feira depois do almoço. Não enviaremos pedido de senha. Confira quando puder.",baixo,suporte_solicitado,sintetico_v1,treino
msg_01993,"Opa! Acesse suporte-verificacao.example e informe usuário, senha e CPF para evitar a suspensão da conta. Tudo bem?",alto,phishing_credenciais,sintetico_v1,treino
msg_01994,"Oferta exclusiva: o teclado está com 80% de desconto somente hoje. Consulte confirmacao-imediata.example. Qualquer dúvida, responda por aqui.",medio,oferta_improvavel,sintetico_v1,treino
msg_01995,"Mãe, troquei de número e estou sem acesso ao banco. Faz um Pix de R$ 42,00 para meu amigo? Obrigado.",alto,falso_familiar,sintetico_v1,treino
msg_01996,Bom dia! O investimento apresentou variação neste mês; rentabilidade passada não garante retorno futuro! Tudo bem?,baixo,informativo_financeiro,sintetico_v1,treino
msg_01998,Bom dia! Seu protocolo 35109 foi atualizado. Consulte o andamento pelo telefone que está no cartão! Responda quando puder.,baixo,suporte_solicitado,sintetico_v1,treino
msg_02000,"Olá! O produto está disponível, mas confirme pessoalmente antes de efetuar qualquer pagamento. Fico à disposição.",baixo,compra_presencial,sintetico_v1,treino
msg_02001,"Opa! A mensalidade de R$ 250,00 apareceu normalmente no aplicativo do banco. Aguardo seu retorno.",baixo,pagamento_conhecido,sintetico_v1,treino
msg_02002,"Boa noite! Recebi uma dica exclusiva de investimento e posso incluir você, se responder ainda hoje! Pode confirmar o recebimento?",medio,investimento_duvidoso,sintetico_v1,treino
msg_02003,Boa tarde! Você consegue me encontrar na biblioteca terça-feira às 16h30? Tudo certo por aqui. Tudo bem?,baixo,conversa_cotidiana,sintetico_v1,treino
msg_02004,Último aviso: pague por esta chave desconhecida ou todos os seus dados serão divulgados. Fico à disposição.,alto,ameaca_bloqueio,sintetico_v1,treino
msg_02005,"Boa noite! Detectamos uma tentativa de acesso por um celular Android. Verifique a atividade no link desta mensagem. Qualquer dúvida, responda por aqui.",medio,acesso_incomum,sintetico_v1,treino
msg_02006,Olá! Existe um débito pendente com vencimento sexta-feira. A origem não foi informada nesta mensagem. Responda quando puder.,medio,cobranca_duvidosa,sintetico_v1,treino
msg_02007,"Olá, tudo certo? Há uma atualização disponível para sua conta em premio-resgate.example. O acesso ficará disponível por algumas horas. Responda quando puder.",medio,link_nao_solicitado,sintetico_v1,treino
msg_02009,"Ei, tudo bem? Sou Marcos, troquei de número. Salva este contato para falarmos depois. Qualquer dúvida, responda por aqui.",medio,contato_desconhecido,sintetico_v1,treino
msg_02011,"Bom dia! Pai, este é meu contato novo. Preciso pagar uma conta urgente e depois devolvo o dinheiro!",alto,falso_familiar,sintetico_v1,treino
msg_02012,Não esqueça de levar o documento para a matrícula na loja. Obrigado.,baixo,lembrete_pessoal,sintetico_v1,treino
msg_02013,Oi! Existe uma ordem contra você. Faça o Pix solicitado para evitar consequências legais. Fico à disposição.,alto,ameaca_bloqueio,sintetico_v1,treino
msg_02014,O acesso foi limitado. Envie seus dados de login nesta conversa para liberar novamente. Responda quando puder.,alto,phishing_credenciais,sintetico_v1,treino
msg_02015,Temos informação privilegiada e retorno garantido. Esta oportunidade deve permanecer em segredo. Me avise quando puder.,alto,investimento_garantido,sintetico_v1,treino
msg_02016,"Bom dia! Preciso que faça um Pix de R$ 42,00 agora. Depois explico o motivo! Atenciosamente.",alto,pix_urgente,sintetico_v1,treino
msg_02018,Boa noite! Seu pacote pode ser devolvido ao remetente. Verifique o status no link recebido nesta conversa. Pode confirmar o recebimento?,medio,entrega_pendente,sintetico_v1,treino
msg_02019,O suporte precisa controlar seu computador Windows. Baixe o programa enviado e aceite todas as permissões. Atenciosamente.,alto,acesso_remoto,sintetico_v1,treino
msg_02020,"O comprador pagou a mais por engano. Transfira R$ 189,90 imediatamente para uma terceira pessoa. Responda quando puder.",alto,fraude_marketplace,sintetico_v1,treino
msg_02021,"Pai, este é meu contato novo. Preciso pagar uma conta urgente e depois devolvo o dinheiro. Confira quando puder.",alto,falso_familiar,sintetico_v1,treino
msg_02024,"Boa noite! Encontramos uma pendência no seu cadastro. Veja os detalhes em suporte-verificacao.example. Caso já tenha resolvido, ignore. Aguardo seu retorno.",medio,link_nao_solicitado,sintetico_v1,treino
msg_02025,Olá! Temos uma vaga de trabalho remoto com início imediato. Não é necessário processo seletivo. Pode confirmar o recebimento?,medio,vaga_duvidosa,sintetico_v1,treino
msg_02026,Olá! Existe uma ordem contra você. Faça o Pix solicitado para evitar consequências legais. Aguardo seu retorno.,alto,ameaca_bloqueio,sintetico_v1,treino
msg_02028,O prazo para sacar o benefício social termina hoje. Faça o depósito de validação agora. Tudo bem?,alto,beneficio_com_taxa,sintetico_v1,treino
msg_02029,Boa noite! A reserva para quarta-feira está no nome de Patrícia e será paga no local.,baixo,lembrete_pessoal,sintetico_v1,treino
msg_02030,Sua conta será encerrada em dez minutos. Envie a senha para impedir o bloqueio. Atenciosamente.,alto,ameaca_bloqueio,sintetico_v1,treino
msg_02032,"Conforme o chamado que você abriu, o atendimento está agendado para quarta-feira às 8h. Não enviaremos pedido de senha. Fico à disposição.",baixo,suporte_solicitado,sintetico_v1,treino
msg_02035,"Olá, tudo certo? A entrega que combinamos foi reagendada para segunda-feira às 18h. Fico à disposição.",baixo,entrega_esperada,sintetico_v1,treino
msg_02037,"Ei, tudo bem? Instale o aplicativo de acesso remoto e informe o código da tela para remover o vírus do seu celular! Atenciosamente.",alto,acesso_remoto,sintetico_v1,treino
msg_02038,"O pedido 74518 está parado no centro de distribuição. Consulte a pendência em premio-resgate.example. Qualquer dúvida, responda por aqui.",medio,entrega_pendente,sintetico_v1,treino
msg_02039,"Acesse premio-resgate.example e informe usuário, senha e CPF para evitar a suspensão da conta. Me avise quando puder.",alto,phishing_credenciais,sintetico_v1,treino
msg_02041,Há um valor público disponível no seu CPF. Informe a senha bancária para receber. Aguardo seu retorno.,alto,beneficio_com_taxa,sintetico_v1,treino
msg_02043,"Opa! Invista R$ 480,00 hoje e receba o dobro amanhã, com lucro garantido e sem risco! Fico à disposição.",alto,investimento_garantido,sintetico_v1,treino
msg_02044,"Mãe, troquei de número e estou sem acesso ao banco. Faz um Pix de R$ 480,00 para meu amigo? Atenciosamente.",alto,falso_familiar,sintetico_v1,treino
msg_02048,"Olá! Identificamos uma cobrança de R$ 18,90 vinculada ao seu nome. Entre em contato para consultar. Qualquer dúvida, responda por aqui.",medio,cobranca_duvidosa,sintetico_v1,treino
msg_02049,Meu presente ficou retido na alfândega. Pague a taxa para que ele seja entregue a você. Atenciosamente.,alto,fraude_romantica,sintetico_v1,treino
msg_02051,Olá! Instale esta ferramenta de segurança fora da loja oficial e desative a proteção do aparelho. Atenciosamente.,alto,acesso_remoto,sintetico_v1,treino
msg_02052,"Opa! Há uma atualização disponível para sua conta em confirmacao-imediata.example. Caso já tenha resolvido, ignore. Pode confirmar o recebimento?",medio,link_nao_solicitado,sintetico_v1,treino
msg_02053,Bom dia! Encontramos uma pendência no seu cadastro. Veja os detalhes em premio-resgate.example. Estamos aguardando sua confirmação. Me avise quando puder.,medio,link_nao_solicitado,sintetico_v1,treino
msg_02054,Sua encomenda não pôde ser entregue por dados incompletos. Atualize o endereço em suporte-verificacao.example. Tudo bem?,medio,entrega_pendente,sintetico_v1,treino
msg_02055,Temos uma oportunidade com preço muito abaixo do mercado e entrega imediata. Atenciosamente.,medio,oferta_improvavel,sintetico_v1,treino
msg_02057,"Comece investindo R$ 42,00 e acompanhe os resultados pelo grupo de mensagens. Pode confirmar o recebimento?",medio,investimento_duvidoso,sintetico_v1,treino
msg_02058,Boa noite! Desconto especial liberado sem que você tenha feito cadastro. Confirme se deseja receber a oferta. Pode confirmar o recebimento?,medio,oferta_improvavel,sintetico_v1,treino
msg_02059,O suporte precisa controlar seu iPhone. Baixe o programa enviado e aceite todas as permissões. Confira quando puder.,alto,acesso_remoto,sintetico_v1,treino
msg_02061,Boa tarde! Detectamos uma tentativa de acesso por um iPhone. Verifique a atividade no link desta mensagem! Obrigado.,medio,acesso_incomum,sintetico_v1,treino
msg_02062,Responda a uma pesquisa rápida e concorra a um livro. Acesse suporte-verificacao.example. Obrigado.,medio,pesquisa_com_premio,sintetico_v1,treino
msg_02063,A troca do casaco solicitada por você foi aprovada e não possui taxa adicional! Confira quando puder.,baixo,suporte_solicitado,sintetico_v1,treino
msg_02064,"Ei, tudo bem? A divisão da conta ficou em R$ 250,00 para cada pessoa.",baixo,pagamento_conhecido,sintetico_v1,treino
msg_02065,"Ei, tudo bem? Um grupo privado está ensinando uma estratégia que promete resultados rápidos no mercado financeiro.",medio,investimento_duvidoso,sintetico_v1,treino
msg_02067,"Oi! A entrega que combinamos foi reagendada para sexta-feira às 11h. Qualquer dúvida, responda por aqui.",baixo,entrega_esperada,sintetico_v1,treino
msg_02069,Boa tarde! O pagamento do benefício depende de uma taxa via Pix para este atendente! Tudo bem?,alto,beneficio_com_taxa,sintetico_v1,treino
msg_02072,"Comece investindo R$ 189,90 e acompanhe os resultados pelo grupo de mensagens. Qualquer dúvida, responda por aqui.",medio,investimento_duvidoso,sintetico_v1,treino
msg_02073,"Para concluir a atualização, digite sua senha bancária completa e a data de nascimento. Tudo bem?",alto,phishing_credenciais,sintetico_v1,treino
msg_02075,"Ei, tudo bem? Sou o diretor e estou em reunião. Faça um Pix de R$ 189,90 para este fornecedor novo sem avisar a equipe.",alto,fraude_executivo,sintetico_v1,treino
msg_02077,Boa tarde! Você consegue me encontrar na sala de estudos segunda-feira no fim da tarde? Me avise quando puder. Pode confirmar o recebimento?,baixo,conversa_cotidiana,sintetico_v1,treino
msg_02078,Último aviso: pague por esta chave desconhecida ou todos os seus dados serão divulgados! Pode confirmar o recebimento?,alto,ameaca_bloqueio,sintetico_v1,treino
msg_02079,"A fatura fechou em R$ 42,00. Confira os lançamentos diretamente no aplicativo antes do vencimento. Aguardo seu retorno.",baixo,informativo_financeiro,sintetico_v1,treino
msg_02080,"Bom dia! Recebemos várias tentativas de entrada. A mensagem pede confirmação, mas não informa o canal oficial. Qualquer dúvida, responda por aqui.",medio,acesso_incomum,sintetico_v1,treino
msg_02082,"Ei, tudo bem? Temos poucas vagas para uma operação de investimento automatizada. Qualquer dúvida, responda por aqui.",medio,investimento_duvidoso,sintetico_v1,treino
msg_02083,"Boa tarde! Patrícia, lembre-se da consulta sexta-feira às 18h. A clínica já confirmou por telefone.",baixo,lembrete_pessoal,sintetico_v1,treino
msg_02084,"Olá! O suporte encerrou o chamado. Caso o problema continue, responda pelo canal em que você iniciou o atendimento. Responda quando puder.",baixo,suporte_solicitado,sintetico_v1,treino
msg_02085,"Boa tarde! Quero muito encontrar você, mas preciso de R$ 1.200,00 para comprar a passagem. Não conte a ninguém. Me avise quando puder.",alto,fraude_romantica,sintetico_v1,treino
msg_02086,Oi! Um grupo privado está ensinando uma estratégia que promete resultados rápidos no mercado financeiro! Obrigado.,medio,investimento_duvidoso,sintetico_v1,treino
msg_02087,"Depois de nossa conversa, confio em você. Faça um empréstimo para me ajudar nesta emergência. Tudo bem?",alto,fraude_romantica,sintetico_v1,treino
msg_02090,Bom dia! A apresentação ficou marcada para terça-feira depois do almoço. Depois conversamos sobre os ajustes. Fico à disposição.,baixo,trabalho_estudo,sintetico_v1,treino
msg_02092,Olá! Deposite a taxa do uniforme hoje e receba o contrato somente depois do pagamento. Atenciosamente.,alto,vaga_com_taxa,sintetico_v1,treino
msg_02093,"A negociação de uma dívida no valor de R$ 1.200,00 está disponível por tempo limitado.",medio,cobranca_duvidosa,sintetico_v1,treino
msg_02094,"Sua opinião vale um cupom de R$ 189,90. Preencha o formulário enviado por mensagem. Pode confirmar o recebimento?",medio,pesquisa_com_premio,sintetico_v1,treino
msg_02097,Um novo dispositivo tentou acessar sua conta. Confirme se reconhece o acesso. Fico à disposição.,medio,acesso_incomum,sintetico_v1,treino
msg_02100,Boa noite! O comprovante da transferência combinada está salvo no aplicativo. Não precisa clicar em nenhum link. Responda quando puder.,baixo,pagamento_conhecido,sintetico_v1,treino
msg_02101,"Boa noite! Peguei seu contato com um conhecido, mas prefiro explicar o assunto por mensagem. Qualquer dúvida, responda por aqui.",medio,contato_desconhecido,sintetico_v1,treino
msg_02102,Uma promoção reservada para seu número termina em poucas horas. Clique para conhecer as condições. Atenciosamente.,medio,oferta_improvavel,sintetico_v1,treino
msg_02103,Oi! Sua conta será bloqueada. Confirme agora a senha e os dados do cartão no formulário enviado. Obrigado.,alto,phishing_credenciais,sintetico_v1,treino
msg_02105,"Opa! Fiz o Pix de R$ 42,00 referente à nossa compra combinada. Confira quando puder. Pode confirmar o recebimento?",baixo,pagamento_conhecido,sintetico_v1,treino
msg_02106,"Olá, tudo certo? Para bloquear uma operação de R$ 480,00, instale o aplicativo de segurança indicado pelo atendente. Fico à disposição.",alto,falso_banco,sintetico_v1,treino
msg_02107,Olá! Separei o teclado que você viu na loja. Pode passar aqui sábado. Tudo bem?,baixo,compra_presencial,sintetico_v1,treino
msg_02108,Olá! O código de barras mudou por erro no sistema. Faça o pagamento para uma pessoa física! Responda quando puder.,alto,boleto_falso,sintetico_v1,treino
msg_02109,O atendimento foi encerrado. Nenhum funcionário pedirá sua senha depois desta conversa. Responda quando puder.,baixo,aviso_seguranca,sintetico_v1,treino
msg_02110,O robô nunca perde dinheiro. Faça o depósito inicial e indique amigos para aumentar o retorno. Obrigado.,alto,investimento_garantido,sintetico_v1,treino
msg_02112,"Bom dia! Para provar seu amor, transfira o valor solicitado e mantenha isso em segredo. Qualquer dúvida, responda por aqui.",alto,fraude_romantica,sintetico_v1,treino
msg_02113,Boa noite! Seu pacote pode ser devolvido ao remetente. Verifique o status no link recebido nesta conversa. Atenciosamente.,medio,entrega_pendente,sintetico_v1,treino
msg_02114,Boa noite! Sua compra de fone de ouvido será entregue amanhã. Não é necessário realizar pagamento adicional. Pode confirmar o recebimento?,baixo,entrega_esperada,sintetico_v1,treino
msg_02115,"Comece investindo R$ 480,00 e acompanhe os resultados pelo grupo de mensagens. Me avise quando puder.",medio,investimento_duvidoso,sintetico_v1,treino
msg_02117,Bom dia! Há uma atualização disponível para sua conta em confirmacao-imediata.example. Estamos aguardando sua confirmação. Responda quando puder.,medio,link_nao_solicitado,sintetico_v1,treino
msg_02118,"Boa noite! Peguei seu contato com um conhecido, mas prefiro explicar o assunto por mensagem. Responda quando puder.",medio,contato_desconhecido,sintetico_v1,treino
msg_02119,"Mãe, troquei de número e estou sem acesso ao banco. Faz um Pix de R$ 189,90 para meu amigo? Confira quando puder.",alto,falso_familiar,sintetico_v1,treino
msg_02120,Temos informação privilegiada e retorno garantido. Esta oportunidade deve permanecer em segredo.,alto,investimento_garantido,sintetico_v1,treino
msg_02121,Seus dados cadastrais precisam ser atualizados. Inicie a revisão em conta-pendente.example. Confira quando puder.,medio,atualizacao_cadastral,sintetico_v1,treino
msg_02122,Temos poucas vagas para uma operação de investimento automatizada. Obrigado.,medio,investimento_duvidoso,sintetico_v1,treino
msg_02123,Boa tarde! Autorize o atendente a movimentar o cursor e não feche o aplicativo durante a transferência. Tudo bem?,alto,acesso_remoto,sintetico_v1,treino
msg_02126,"Trabalho simples pelo celular, horários livres e pagamento diário. Peça as instruções. Aguardo seu retorno.",medio,vaga_duvidosa,sintetico_v1,treino
msg_02127,"Boa tarde! Para provar seu amor, transfira o valor solicitado e mantenha isso em segredo. Tudo bem?",alto,fraude_romantica,sintetico_v1,treino
msg_02128,"Sou o diretor e estou em reunião. Faça um Pix de R$ 480,00 para este fornecedor novo sem avisar a equipe. Obrigado.",alto,fraude_executivo,sintetico_v1,treino
msg_02129,"Olá, tudo certo? A apresentação ficou marcada para sexta-feira no fim da tarde. Qualquer dúvida, me chama. Me avise quando puder.",baixo,trabalho_estudo,sintetico_v1,treino
msg_02131,Existe um débito pendente com vencimento segunda-feira. A origem não foi informada nesta mensagem. Responda quando puder.,medio,cobranca_duvidosa,sintetico_v1,treino
msg_02132,Boa tarde! Sua compra de livro será entregue amanhã. Não é necessário realizar pagamento adicional. Aguardo seu retorno.,baixo,entrega_esperada,sintetico_v1,treino
msg_02134,Um grupo privado está ensinando uma estratégia que promete resultados rápidos no mercado financeiro! Atenciosamente.,medio,investimento_duvidoso,sintetico_v1,treino
msg_02135,"Oi! Preciso que faça um Pix de R$ 75,50 agora. Depois explico o motivo. Me avise quando puder.",alto,pix_urgente,sintetico_v1,treino
msg_02136,Oi! Meu presente ficou retido na alfândega. Pague a taxa para que ele seja entregue a você. Pode confirmar o recebimento?,alto,fraude_romantica,sintetico_v1,treino
msg_02137,Bom dia! Você iniciou uma recuperação de senha no site oficial digitado no navegador. Digite o código somente na tela que você abriu e não o compartilhe. Atenciosamente.,baixo,recuperacao_solicitada,sintetico_v1,treino
msg_02138,Bom dia! Você pode trazer o caderno quando vier terça-feira? Até mais. Fico à disposição.,baixo,conversa_cotidiana,sintetico_v1,treino
msg_02139,A atualização anual da conta está disponível por meio do link enviado. Obrigado.,medio,atualizacao_cadastral,sintetico_v1,treino
msg_02141,"Olá! Quero muito encontrar você, mas preciso de R$ 250,00 para comprar a passagem. Não conte a ninguém. Me avise quando puder.",alto,fraude_romantica,sintetico_v1,treino
msg_02142,"Olá! Meu aplicativo travou e preciso pagar uma conta urgente. Transfira R$ 42,00 para esta chave nova.",alto,pix_urgente,sintetico_v1,treino
msg_02143,Boa noite! Temos uma vaga de trabalho remoto com início imediato. Não é necessário processo seletivo. Confira quando puder.,medio,vaga_duvidosa,sintetico_v1,treino
msg_02145,Bom dia! Sua conta está sob investigação. Envie uma foto do cartão e do documento para provar sua identidade. Atenciosamente.,alto,falso_banco,sintetico_v1,treino
msg_02146,Bom dia! A apresentação ficou marcada para segunda-feira às 18h.,baixo,trabalho_estudo,sintetico_v1,treino
msg_02148,Opa! Existe um débito pendente com vencimento hoje. A origem não foi informada nesta mensagem. Obrigado.,medio,cobranca_duvidosa,sintetico_v1,treino
msg_02150,Desconto especial liberado sem que você tenha feito cadastro. Confirme se deseja receber a oferta! Pode confirmar o recebimento?,medio,oferta_improvavel,sintetico_v1,treino
msg_02151,Olá! O código de acesso foi enviado porque você pediu. Nenhum atendente solicitará esse código por telefone ou conversa. Responda quando puder.,baixo,recuperacao_solicitada,sintetico_v1,treino
msg_02153,Opa! Você recebeu um documento para consultar no endereço entrega-atualiza.example.,medio,link_nao_solicitado,sintetico_v1,treino
msg_02155,"Oi! Quero muito encontrar você, mas preciso de R$ 42,00 para comprar a passagem. Não conte a ninguém. Fico à disposição.",alto,fraude_romantica,sintetico_v1,treino
msg_02156,"Olá, tudo certo? Sua conta está sob investigação. Envie uma foto do cartão e do documento para provar sua identidade! Obrigado.",alto,falso_banco,sintetico_v1,treino
msg_02157,Olá! Você consegue me encontrar na loja hoje depois do almoço? Me avise quando puder.,baixo,conversa_cotidiana,sintetico_v1,treino
msg_02158,Sua encomenda não pôde ser entregue por dados incompletos. Atualize o endereço em conta-pendente.example. Me avise quando puder.,medio,entrega_pendente,sintetico_v1,treino
msg_02161,"Ei, tudo bem? Temos um assunto particular para tratar com você. Confirme se este número é seu. Responda quando puder.",medio,contato_desconhecido,sintetico_v1,treino
msg_02162,Oi! Uma pesquisa não solicitada pede informações de contato para liberar um brinde. Obrigado.,medio,pesquisa_com_premio,sintetico_v1,treino
msg_02164,O atendimento foi encerrado. Nenhum funcionário pedirá sua senha depois desta conversa. Tudo bem?,baixo,aviso_seguranca,sintetico_v1,treino
msg_02165,"Boa tarde! Acesse conta-pendente.example para conferir uma informação importante. Caso já tenha resolvido, ignore. Me avise quando puder.",medio,link_nao_solicitado,sintetico_v1,treino
msg_02168,Bom dia! Último aviso: pague por esta chave desconhecida ou todos os seus dados serão divulgados! Me avise quando puder.,alto,ameaca_bloqueio,sintetico_v1,treino
msg_02169,"Boa tarde! O produto está disponível, mas confirme pessoalmente antes de efetuar qualquer pagamento! Fico à disposição.",baixo,compra_presencial,sintetico_v1,treino
msg_02170,Instale o aplicativo de acesso remoto e informe o código da tela para remover o vírus do seu celular.,alto,acesso_remoto,sintetico_v1,treino
msg_02171,"Olá, tudo certo? Deixei a chave com Fernanda. Pode buscar quarta-feira às 9h30! Aguardo seu retorno.",baixo,lembrete_pessoal,sintetico_v1,treino
msg_02173,Boa tarde! Seu número foi sorteado. Envie um Pix de liberação antes de resgatar o valor! Atenciosamente.,alto,premio_com_taxa,sintetico_v1,treino
msg_02174,"Olá, tudo certo? Estou falando em nome da empresa sobre uma solicitação no seu CPF. Aguardo seu retorno.",medio,contato_desconhecido,sintetico_v1,treino
msg_02175,Desconto especial liberado sem que você tenha feito cadastro. Confirme se deseja receber a oferta. Responda quando puder.,medio,oferta_improvavel,sintetico_v1,treino
msg_02178,Boa tarde! Temos poucas vagas para uma operação de investimento automatizada.,medio,investimento_duvidoso,sintetico_v1,treino
msg_02179,"Enviei um comprovante, mas você precisa devolver a diferença por Pix antes de conferir o saldo. Qualquer dúvida, responda por aqui.",alto,fraude_marketplace,sintetico_v1,treino
msg_02180,Um novo dispositivo tentou acessar sua conta. Confirme se reconhece o acesso. Confira quando puder.,medio,acesso_incomum,sintetico_v1,treino
msg_02183,Oi! Você consegue me encontrar na sala de estudos terça-feira às 9h30? Obrigado! Me avise quando puder.,baixo,conversa_cotidiana,sintetico_v1,treino
msg_02184,"Olá, tudo certo? Acesse premio-resgate.example para conferir uma informação importante. Caso já tenha resolvido, ignore. Fico à disposição.",medio,link_nao_solicitado,sintetico_v1,treino
msg_02185,Boa noite! Separei o tênis que você viu na loja. Pode passar aqui sábado. Aguardo seu retorno.,baixo,compra_presencial,sintetico_v1,treino
msg_02186,"Trabalho simples pelo celular, horários livres e pagamento diário. Peça as instruções. Qualquer dúvida, responda por aqui.",medio,vaga_duvidosa,sintetico_v1,treino
msg_02187,"Ei, tudo bem? O cadastro pode ficar limitado por falta de confirmação. Responda para receber as instruções. Fico à disposição.",medio,atualizacao_cadastral,sintetico_v1,treino
msg_02188,"Recebemos uma solicitação de cobrança, mas precisamos confirmar se os dados estão corretos. Qualquer dúvida, responda por aqui.",medio,cobranca_duvidosa,sintetico_v1,treino
msg_02191,Boa tarde! Temos poucas vagas para uma operação de investimento automatizada! Pode confirmar o recebimento?,medio,investimento_duvidoso,sintetico_v1,treino
msg_02192,Oi! A entrega que combinamos foi reagendada para quarta-feira às 18h. Confira quando puder.,baixo,entrega_esperada,sintetico_v1,treino
msg_02193,O código de acesso foi enviado porque você pediu. Nenhum atendente solicitará esse código por telefone ou conversa.,baixo,recuperacao_solicitada,sintetico_v1,treino
msg_02195,Olá! A apresentação ficou marcada para amanhã às 11h.,baixo,trabalho_estudo,sintetico_v1,treino
msg_02197,Você iniciou uma recuperação de senha no aplicativo oficial. Digite o código somente na tela que você abriu e não o compartilhe. Pode confirmar o recebimento?,baixo,recuperacao_solicitada,sintetico_v1,treino
msg_02198,"Oi! Fiz o Pix de R$ 189,90 referente à nossa compra combinada. Confira quando puder. Obrigado.",baixo,pagamento_conhecido,sintetico_v1,treino
msg_02199,Uma empresa encontrou seu perfil e quer fazer a entrevista somente por mensagens! Aguardo seu retorno.,medio,vaga_duvidosa,sintetico_v1,treino
msg_02202,"Boa tarde! Encontramos uma pendência no seu cadastro. Veja os detalhes em premio-resgate.example! Qualquer dúvida, responda por aqui.",medio,link_nao_solicitado,sintetico_v1,treino
msg_02203,"Opa! O prazo para sacar o reembolso tributário termina hoje. Faça o depósito de validação agora. Qualquer dúvida, responda por aqui.",alto,beneficio_com_taxa,sintetico_v1,treino
msg_02204,"Não compartilhe o código recebido por SMS, mesmo que alguém diga ser funcionário do banco. Pode confirmar o recebimento?",baixo,aviso_seguranca,sintetico_v1,treino
msg_02205,"Identificamos uma cobrança de R$ 120,00 vinculada ao seu nome. Entre em contato para consultar. Aguardo seu retorno.",medio,cobranca_duvidosa,sintetico_v1,treino
msg_02206,O boleto anterior foi cancelado. Pague somente o novo código enviado por este número desconhecido. Me avise quando puder.,alto,boleto_falso,sintetico_v1,treino
msg_02207,"A compra de R$ 1.200,00 feita por você já aparece no histórico do cartão!",baixo,informativo_financeiro,sintetico_v1,treino
msg_02209,A verificação em duas etapas foi ativada por você. Guarde os códigos de recuperação em local seguro. Pode confirmar o recebimento?,baixo,recuperacao_solicitada,sintetico_v1,treino
msg_02210,Sua conta será bloqueada. Confirme agora a senha e os dados do cartão no formulário enviado. Obrigado.,alto,phishing_credenciais,sintetico_v1,treino
msg_02211,Boa noite! Nossa plataforma garante 20% ao dia. Transfira o valor para a conta do consultor. Me avise quando puder.,alto,investimento_garantido,sintetico_v1,treino
msg_02213,"Opa! Peguei seu contato com um conhecido, mas prefiro explicar o assunto por mensagem. Atenciosamente.",medio,contato_desconhecido,sintetico_v1,treino
msg_02214,"Ei, tudo bem? Mãe, troquei de número e estou sem acesso ao banco. Faz um Pix de R$ 42,00 para meu amigo? Confira quando puder.",alto,falso_familiar,sintetico_v1,treino
msg_02216,"Bom dia! Encontramos uma pendência no seu cadastro. Veja os detalhes em entrega-atualiza.example. Caso já tenha resolvido, ignore.",medio,link_nao_solicitado,sintetico_v1,treino
msg_02217,"Depois de nossa conversa, confio em você. Faça um empréstimo para me ajudar nesta emergência.",alto,fraude_romantica,sintetico_v1,treino
msg_02218,"Ei, tudo bem? O boleto anterior foi cancelado. Pague somente o novo código enviado por este número desconhecido. Pode confirmar o recebimento?",alto,boleto_falso,sintetico_v1,treino
msg_02219,"Bom dia! Invista R$ 480,00 hoje e receba o dobro amanhã, com lucro garantido e sem risco. Aguardo seu retorno.",alto,investimento_garantido,sintetico_v1,treino
msg_02220,Boa tarde! Estou no exterior e minha conta foi bloqueada. Envie dinheiro para um conhecido até eu voltar! Me avise quando puder.,alto,fraude_romantica,sintetico_v1,treino
msg_02221,Oi! Separei o casaco que você viu na loja. Pode passar aqui hoje. Confira quando puder.,baixo,compra_presencial,sintetico_v1,treino
msg_02224,"Uma entrega está aguardando sua confirmação, mas a mensagem não informa qual compra originou o envio. Pode confirmar o recebimento?",medio,entrega_pendente,sintetico_v1,treino
msg_02226,"Ei, tudo bem? Encontramos uma pendência no seu cadastro. Veja os detalhes em suporte-verificacao.example. O acesso ficará disponível por algumas horas. Atenciosamente.",medio,link_nao_solicitado,sintetico_v1,treino
msg_02227,"Boa tarde! Fiz o Pix de R$ 120,00 referente à nossa compra combinada. Confira quando puder. Confira quando puder.",baixo,pagamento_conhecido,sintetico_v1,treino
msg_02228,Pegue um empréstimo e invista conosco; o lucro certo pagará todas as parcelas. Tudo bem?,alto,investimento_garantido,sintetico_v1,treino
msg_02229,Opa! Nossa plataforma garante 20% ao dia. Transfira o valor para a conta do consultor. Fico à disposição.,alto,investimento_garantido,sintetico_v1,treino
msg_02230,"Não compartilhe o código recebido por SMS, mesmo que alguém diga ser funcionário do banco. Obrigado.",baixo,aviso_seguranca,sintetico_v1,treino
msg_02232,"Olá! Se receber uma cobrança inesperada, confirme diretamente pelo aplicativo oficial antes de pagar. Aguardo seu retorno.",baixo,aviso_seguranca,sintetico_v1,treino
msg_02234,"Se receber uma cobrança inesperada, confirme diretamente pelo menu de segurança do aplicativo antes de pagar. Fico à disposição.",baixo,aviso_seguranca,sintetico_v1,treino
msg_02235,Oi! Temos um assunto particular para tratar com você. Confirme se este número é seu! Obrigado.,medio,contato_desconhecido,sintetico_v1,treino
msg_02239,Olá! Responda a uma pesquisa rápida e concorra a um casaco. Acesse conta-pendente.example. Obrigado.,medio,pesquisa_com_premio,sintetico_v1,treino
msg_02240,"Ei, tudo bem? Você foi aprovado para uma vaga à qual não se lembra de ter se candidatado. Confirme seu interesse. Responda quando puder.",medio,vaga_duvidosa,sintetico_v1,treino
msg_02246,Opa! O pedido 58340 com o fone de ouvido saiu para entrega. Você já estava acompanhando pelo aplicativo. Tudo bem?,baixo,entrega_esperada,sintetico_v1,treino
msg_02251,"Olá, tudo certo? Peguei seu contato com um conhecido, mas prefiro explicar o assunto por mensagem.",medio,contato_desconhecido,sintetico_v1,treino
msg_02252,"Boa noite! Comece investindo R$ 75,50 e acompanhe os resultados pelo grupo de mensagens! Aguardo seu retorno.",medio,investimento_duvidoso,sintetico_v1,treino
msg_02253,"Olá! Pai, este é meu contato novo. Preciso pagar uma conta urgente e depois devolvo o dinheiro. Confira quando puder.",alto,falso_familiar,sintetico_v1,treino
msg_02254,Bom dia! O pagamento do livro está preso. Pague uma taxa fora da plataforma para liberar a venda. Atenciosamente.,alto,fraude_marketplace,sintetico_v1,treino
msg_02255,O pedido 61973 está parado no centro de distribuição. Consulte a pendência em premio-resgate.example! Pode confirmar o recebimento?,medio,entrega_pendente,sintetico_v1,treino
msg_02256,Boa tarde! Recebi o carregador do pedido 10482. A caixa chegou em boas condições. Fico à disposição.,baixo,entrega_esperada,sintetico_v1,treino
msg_02257,Bom dia! Acesse entrega-atualiza.example para conferir uma informação importante! Me avise quando puder.,medio,link_nao_solicitado,sintetico_v1,treino
msg_02258,"Comece investindo R$ 189,90 e acompanhe os resultados pelo grupo de mensagens! Pode confirmar o recebimento?",medio,investimento_duvidoso,sintetico_v1,treino
msg_02259,Bom dia! Instale o aplicativo de acesso remoto e informe o código da tela para remover o vírus do seu celular. Atenciosamente.,alto,acesso_remoto,sintetico_v1,treino
msg_02260,"Ei, tudo bem? Uma entrega está aguardando sua confirmação, mas a mensagem não informa qual compra originou o envio. Fico à disposição.",medio,entrega_pendente,sintetico_v1,treino
msg_02262,"Boa noite! Seu indenização foi aprovado. Pague R$ 42,00 para liberar o depósito. Fico à disposição.",alto,beneficio_com_taxa,sintetico_v1,treino
msg_02263,"Ei, tudo bem? Sua opinião vale um cupom de R$ 1.200,00. Preencha o formulário enviado por mensagem. Obrigado.",medio,pesquisa_com_premio,sintetico_v1,treino
msg_02264,"Sou eu, Marcos. Meu celular quebrou; não liga agora. Transfira R$ 120,00 para esta chave. Pode confirmar o recebimento?",alto,falso_familiar,sintetico_v1,treino
msg_02266,Bom dia! A recompensa expira hoje. Faça o depósito da taxa e envie o comprovante nesta conversa! Me avise quando puder.,alto,premio_com_taxa,sintetico_v1,treino
msg_02268,"Boa tarde! O setor antifraude solicita um Pix de teste, que será devolvido após a verificação. Responda quando puder.",alto,falso_banco,sintetico_v1,treino
msg_02269,Boa tarde! Um grupo privado está ensinando uma estratégia que promete resultados rápidos no mercado financeiro. Confira quando puder.,medio,investimento_duvidoso,sintetico_v1,treino
msg_02270,"Ei, tudo bem? O comprovante da transferência combinada está salvo no aplicativo. Não precisa clicar em nenhum link! Me avise quando puder.",baixo,pagamento_conhecido,sintetico_v1,treino
msg_02271,Seu pacote pode ser devolvido ao remetente. Verifique o status no link recebido nesta conversa! Responda quando puder.,medio,entrega_pendente,sintetico_v1,treino
msg_02272,"Olá, tudo certo? A entrega que combinamos foi reagendada para hoje no fim da tarde. Confira quando puder.",baixo,entrega_esperada,sintetico_v1,treino
msg_02273,Conheça uma oportunidade de investimento com retorno acima da média. Fale com nosso consultor! Obrigado.,medio,investimento_duvidoso,sintetico_v1,treino
msg_02274,Um grupo privado está ensinando uma estratégia que promete resultados rápidos no mercado financeiro! Responda quando puder.,medio,investimento_duvidoso,sintetico_v1,treino
msg_02275,Oi! Desconsidere a cobrança original e use este QR Code para quitar a parcela imediatamente.,alto,boleto_falso,sintetico_v1,treino
msg_02276,"Olá! Fiz o Pix de R$ 42,00 referente à nossa compra combinada. Confira quando puder. Qualquer dúvida, responda por aqui.",baixo,pagamento_conhecido,sintetico_v1,treino
msg_02277,"Boa tarde! Acesse premio-resgate.example e informe usuário, senha e CPF para evitar a suspensão da conta. Qualquer dúvida, responda por aqui.",alto,phishing_credenciais,sintetico_v1,treino
msg_02279,Boa tarde! Sua conta será encerrada em dez minutos. Envie a senha para impedir o bloqueio. Atenciosamente.,alto,ameaca_bloqueio,sintetico_v1,treino
msg_02281,Há informações incompletas no seu perfil. Confirme os dados para evitar problemas futuros! Fico à disposição.,medio,atualizacao_cadastral,sintetico_v1,treino
msg_02282,Olá! Sua sessão pode ter expirado. Faça uma nova validação para continuar utilizando o serviço! Pode confirmar o recebimento?,medio,acesso_incomum,sintetico_v1,treino
msg_02285,Você iniciou uma recuperação de senha no site oficial digitado no navegador. Digite o código somente na tela que você abriu e não o compartilhe!,baixo,recuperacao_solicitada,sintetico_v1,treino
msg_02287,"Olá! Uma entrega está aguardando sua confirmação, mas a mensagem não informa qual compra originou o envio. Confira quando puder.",medio,entrega_pendente,sintetico_v1,treino
msg_02288,"Seu acordo só será mantido se o boleto de R$ 120,00 for pago nos próximos minutos. Pode confirmar o recebimento?",alto,boleto_falso,sintetico_v1,treino
msg_02291,Estou usando um número pessoal. Pague a nota enviada e não confirme com mais ninguém. Tudo bem?,alto,fraude_executivo,sintetico_v1,treino
msg_02292,Oi! Desconto especial liberado sem que você tenha feito cadastro. Confirme se deseja receber a oferta. Pode confirmar o recebimento?,medio,oferta_improvavel,sintetico_v1,treino
msg_02293,Nossa plataforma garante 20% ao dia. Transfira o valor para a conta do consultor. Responda quando puder.,alto,investimento_garantido,sintetico_v1,treino
msg_02295,Encontramos uma divergência no CEP da sua entrega. Confirme as informações ainda hoje!,medio,entrega_pendente,sintetico_v1,treino
msg_02296,Você foi convidado para avaliar nosso atendimento e poderá receber uma recompensa!,medio,pesquisa_com_premio,sintetico_v1,treino
msg_02297,"Olá, tudo certo? Um funcionário ligará para recolher seu cartão e pedirá a senha para concluir o cancelamento. Atenciosamente.",alto,falso_banco,sintetico_v1,treino
msg_02299,"Opa! Recebi o pagamento de R$ 480,00 que você tinha avisado. Está tudo certo! Atenciosamente.",baixo,pagamento_conhecido,sintetico_v1,treino
msg_02300,"Boa noite! Seu currículo foi selecionado para uma oportunidade de R$ 75,50 por semana. Responda para saber mais! Aguardo seu retorno.",medio,vaga_duvidosa,sintetico_v1,treino
msg_02301,"Para provar seu amor, transfira o valor solicitado e mantenha isso em segredo. Me avise quando puder.",alto,fraude_romantica,sintetico_v1,treino
msg_02302,"Ei, tudo bem? O setor antifraude solicita um Pix de teste, que será devolvido após a verificação. Atenciosamente.",alto,falso_banco,sintetico_v1,treino
msg_02303,"O comprador pagou a mais por engano. Transfira R$ 42,00 imediatamente para uma terceira pessoa! Qualquer dúvida, responda por aqui.",alto,fraude_marketplace,sintetico_v1,treino
msg_02304,"Olá, tudo certo? Existe um débito pendente com vencimento hoje. A origem não foi informada nesta mensagem.",medio,cobranca_duvidosa,sintetico_v1,treino
msg_02305,Boa noite! Houve uma alteração nas configurações da conta. Consulte o atendimento caso não reconheça. Obrigado.,medio,acesso_incomum,sintetico_v1,treino
msg_02308,Uma pesquisa não solicitada pede informações de contato para liberar um brinde. Confira quando puder.,medio,pesquisa_com_premio,sintetico_v1,treino
msg_02309,Olá! O pagamento do benefício depende de uma taxa via Pix para este atendente!,alto,beneficio_com_taxa,sintetico_v1,treino
msg_02310,"Ei, tudo bem? A mensalidade de R$ 42,00 apareceu normalmente no aplicativo do banco! Pode confirmar o recebimento?",baixo,pagamento_conhecido,sintetico_v1,treino
msg_02311,"Para receber pela venda, informe número do cartão, senha e código de segurança. Fico à disposição.",alto,fraude_marketplace,sintetico_v1,treino
msg_02312,Temos uma oportunidade com preço muito abaixo do mercado e entrega imediata. Pode confirmar o recebimento?,medio,oferta_improvavel,sintetico_v1,treino
msg_02313,"Olá, tudo certo? Conheça uma oportunidade de investimento com retorno acima da média. Fale com nosso consultor. Atenciosamente.",medio,investimento_duvidoso,sintetico_v1,treino
msg_02314,"O código de acesso foi enviado porque você pediu. Nenhum atendente solicitará esse código por telefone ou conversa. Qualquer dúvida, responda por aqui.",baixo,recuperacao_solicitada,sintetico_v1,treino
msg_02315,Olá! Seu extrato mensal está disponível no canal oficial de atendimento. Esta mensagem não contém link de acesso. Atenciosamente.,baixo,informativo_financeiro,sintetico_v1,treino
msg_02316,Opa! Oferta exclusiva: o tênis está com 80% de desconto somente hoje. Consulte premio-resgate.example. Atenciosamente.,medio,oferta_improvavel,sintetico_v1,treino
msg_02317,Oi! A equipe vai revisar o documento amanhã antes da reunião. Depois conversamos sobre os ajustes! Pode confirmar o recebimento?,baixo,trabalho_estudo,sintetico_v1,treino
msg_02321,Opa! Há uma atualização disponível para sua conta em entrega-atualiza.example. Estamos aguardando sua confirmação. Confira quando puder.,medio,link_nao_solicitado,sintetico_v1,treino
msg_02324,O cadastro pode ficar limitado por falta de confirmação. Responda para receber as instruções. Atenciosamente.,medio,atualizacao_cadastral,sintetico_v1,treino
msg_02325,Acabei de enviar um código de seis dígitos para seu celular. Informe o código aqui para confirmar o atendimento! Responda quando puder.,alto,codigo_verificacao,sintetico_v1,treino
msg_02326,"Olá, tudo certo? Para concluir a atualização, digite sua senha bancária completa e a data de nascimento! Pode confirmar o recebimento?",alto,phishing_credenciais,sintetico_v1,treino
msg_02327,"Você foi selecionado para comprar um teclado por R$ 1.200,00. A quantidade é limitada. Atenciosamente.",medio,oferta_improvavel,sintetico_v1,treino
msg_02328,"Se receber uma cobrança inesperada, confirme diretamente pelo canal oficial de atendimento antes de pagar. Obrigado.",baixo,aviso_seguranca,sintetico_v1,treino
msg_02329,"Se não pagar R$ 480,00 agora, seu CPF será bloqueado e a polícia será acionada. Pode confirmar o recebimento?",alto,ameaca_bloqueio,sintetico_v1,treino
msg_02330,"Se receber uma cobrança inesperada, confirme diretamente pelo aplicativo oficial antes de pagar. Aguardo seu retorno.",baixo,aviso_seguranca,sintetico_v1,treino
msg_02331,"Ei, tudo bem? A fatura fechou em R$ 75,50. Confira os lançamentos diretamente no aplicativo antes do vencimento. Obrigado.",baixo,informativo_financeiro,sintetico_v1,treino
msg_02333,"Olá! A nota fiscal da compra de R$ 18,90 foi entregue junto com o produto. Pode confirmar o recebimento?",baixo,compra_presencial,sintetico_v1,treino
msg_02334,"Seu banco não solicita transferência para cancelar uma compra. Em caso de dúvida, abra o canal oficial de atendimento. Pode confirmar o recebimento?",baixo,aviso_seguranca,sintetico_v1,treino
msg_02335,"Boa noite! Invista R$ 250,00 hoje e receba o dobro amanhã, com lucro garantido e sem risco! Obrigado.",alto,investimento_garantido,sintetico_v1,treino
msg_02336,"Ei, tudo bem? A entrega que combinamos foi reagendada para quarta-feira depois do almoço. Atenciosamente.",baixo,entrega_esperada,sintetico_v1,treino
msg_02338,Boa noite! A reserva está confirmada para hoje no fim da tarde e o pagamento será feito no local.,baixo,compra_presencial,sintetico_v1,treino
msg_02339,"Boa noite! Peguei seu contato com um conhecido, mas prefiro explicar o assunto por mensagem! Confira quando puder.",medio,contato_desconhecido,sintetico_v1,treino
msg_02340,A troca do casaco solicitada por você foi aprovada e não possui taxa adicional. Atenciosamente.,baixo,suporte_solicitado,sintetico_v1,treino
msg_02341,"Participe de um questionário e desbloqueie uma oferta especial no final. Qualquer dúvida, responda por aqui.",medio,pesquisa_com_premio,sintetico_v1,treino
msg_02342,Oi! A apresentação ficou marcada para sexta-feira às 9h30. Obrigado.,baixo,trabalho_estudo,sintetico_v1,treino
msg_02343,"Ei, tudo bem? Encontramos uma pendência no seu cadastro. Veja os detalhes em confirmacao-imediata.example. Caso já tenha resolvido, ignore! Fico à disposição.",medio,link_nao_solicitado,sintetico_v1,treino
msg_02345,Bom dia! Troque o beneficiário do pagamento e ignore o documento recebido pelo canal oficial. Confira quando puder.,alto,boleto_falso,sintetico_v1,treino
msg_02347,"Acesse confirmacao-imediata.example e informe usuário, senha e CPF para evitar a suspensão da conta! Tudo bem?",alto,phishing_credenciais,sintetico_v1,treino
msg_02348,"Olá, tudo certo? Para concluir a atualização, digite sua senha bancária completa e a data de nascimento! Tudo bem?",alto,phishing_credenciais,sintetico_v1,treino
msg_02352,"Oi! A mensalidade de R$ 250,00 apareceu normalmente no aplicativo do banco. Obrigado.",baixo,pagamento_conhecido,sintetico_v1,treino
msg_02353,"Ei, tudo bem? Deixei a chave com João. Pode buscar sexta-feira às 14h! Atenciosamente.",baixo,lembrete_pessoal,sintetico_v1,treino
msg_02355,Boa tarde! O banco informa que não existe taxa para liberar estorno ou cancelar transferência. Confira quando puder.,baixo,informativo_financeiro,sintetico_v1,treino
msg_02357,"Olá, tudo certo? Pai, este é meu contato novo. Preciso pagar uma conta urgente e depois devolvo o dinheiro. Me avise quando puder.",alto,falso_familiar,sintetico_v1,treino
msg_02359,Opa! A reunião foi confirmada para sábado às 8h. Obrigado! Pode confirmar o recebimento?,baixo,conversa_cotidiana,sintetico_v1,treino
msg_02360,"Ei, tudo bem? Seu extrato mensal está disponível no canal oficial de atendimento. Esta mensagem não contém link de acesso!",baixo,informativo_financeiro,sintetico_v1,treino
msg_02361,Boa noite! O suporte precisa controlar seu celular Android. Baixe o programa enviado e aceite todas as permissões. Tudo bem?,alto,acesso_remoto,sintetico_v1,treino
msg_02367,Bom dia! Acesse premio-resgate.example para conferir uma informação importante. Fico à disposição.,medio,link_nao_solicitado,sintetico_v1,treino
msg_02369,Bom dia! Sua conta está sob investigação. Envie uma foto do cartão e do documento para provar sua identidade. Aguardo seu retorno.,alto,falso_banco,sintetico_v1,treino
msg_02370,"Confirmamos o cancelamento pedido por você. O estorno de R$ 189,90 aparecerá na próxima fatura.",baixo,suporte_solicitado,sintetico_v1,treino
msg_02371,Bom dia! Seu pacote pode ser devolvido ao remetente. Verifique o status no link recebido nesta conversa. Atenciosamente.,medio,entrega_pendente,sintetico_v1,treino
msg_02372,Boa noite! Você iniciou uma recuperação de senha no aplicativo oficial. Digite o código somente na tela que você abriu e não o compartilhe. Fico à disposição.,baixo,recuperacao_solicitada,sintetico_v1,treino
msg_02373,"Depois de nossa conversa, confio em você. Faça um empréstimo para me ajudar nesta emergência. Obrigado.",alto,fraude_romantica,sintetico_v1,treino
msg_02375,"O suporte encerrou o chamado. Caso o problema continue, responda pelo canal em que você iniciou o atendimento. Qualquer dúvida, responda por aqui.",baixo,suporte_solicitado,sintetico_v1,treino
msg_02376,Boa noite! A reunião foi confirmada para amanhã às 18h! Aguardo seu retorno.,baixo,conversa_cotidiana,sintetico_v1,treino
msg_02377,Você ganhou sem participar de sorteio. Confirme os dados do cartão para receber. Atenciosamente.,alto,premio_com_taxa,sintetico_v1,treino
msg_02378,O suporte precisa controlar seu computador Windows. Baixe o programa enviado e aceite todas as permissões.,alto,acesso_remoto,sintetico_v1,treino
msg_02379,"Olá, tudo certo? Um grupo privado está ensinando uma estratégia que promete resultados rápidos no mercado financeiro. Aguardo seu retorno.",medio,investimento_duvidoso,sintetico_v1,treino
msg_02381,Boa noite! Temos informação privilegiada e retorno garantido. Esta oportunidade deve permanecer em segredo. Fico à disposição.,alto,investimento_garantido,sintetico_v1,treino
msg_02382,"Opa! Parabéns, você ganhou um casaco. Pague R$ 18,90 de taxa para receber o prêmio. Responda quando puder.",alto,premio_com_taxa,sintetico_v1,treino
msg_02383,Bom dia! Você pode trazer o caderno quando vier terça-feira? Tudo bem?,baixo,conversa_cotidiana,sintetico_v1,treino
msg_02385,Opa! Deixei a chave com João. Pode buscar terça-feira às 11h. Responda quando puder.,baixo,lembrete_pessoal,sintetico_v1,treino
msg_02386,Olá! Você consegue me encontrar na clínica amanhã depois do almoço? Me avise quando puder. Tudo bem?,baixo,conversa_cotidiana,sintetico_v1,treino
msg_02387,Oi! A leitura do QR Code gerou um número. Envie esse número ao atendente para liberar a conta. Tudo bem?,alto,codigo_verificacao,sintetico_v1,treino
msg_02388,"A fatura fechou em R$ 75,50. Confira os lançamentos diretamente no aplicativo antes do vencimento. Responda quando puder.",baixo,informativo_financeiro,sintetico_v1,treino
msg_02393,Detectamos uma tentativa de acesso por um iPhone. Verifique a atividade no link desta mensagem. Responda quando puder.,medio,acesso_incomum,sintetico_v1,treino
msg_02394,"Ei, tudo bem? Você recebeu um documento para consultar no endereço conta-pendente.example. Estamos aguardando sua confirmação. Pode confirmar o recebimento?",medio,link_nao_solicitado,sintetico_v1,treino
msg_02395,Boa noite! Precisamos validar seu telefone e endereço para manter o serviço ativo! Atenciosamente.,medio,atualizacao_cadastral,sintetico_v1,treino
msg_02397,Boa tarde! Seus dados cadastrais precisam ser atualizados. Inicie a revisão em conta-pendente.example. Obrigado.,medio,atualizacao_cadastral,sintetico_v1,treino
msg_02399,"Boa tarde! O atendimento foi encerrado. Nenhum funcionário pedirá sua senha depois desta conversa! Qualquer dúvida, responda por aqui.",baixo,aviso_seguranca,sintetico_v1,treino
